HI,IE,2020,Quarter,4,OTB_CRU_100-119_0_0_all,Div,27.7.j,NA,NA,-9,NA
HI,IE,2020,Quarter,4,OTB_CRU_70-99_0_0_all,Div,27.7.j,NA,NA,-9,NA
HI,IE,2020,Quarter,1,OTB_DEF_>=120_0_0_all,Div,27.7.b,NA,NA,-9,NA
HI,IE,2020,Quarter,3,OTB_DEF_>=120_1_100_all,Div,27.7.g,NA,NA,-9,NA
HI,IE,2020,Quarter,2,OTB_DEF_100-119_0_0_all,Div,27.7.b,NA,NA,-9,NA
HI,IE,2020,Quarter,1,OTB_DEF_100-119_0_0_all,Div,27.7.j,NA,NA,-9,NA
HI,IE,2020,Quarter,2,OTB_DEF_100-119_0_0_all,Div,27.7.j,NA,NA,-9,NA
HI,IE,2020,Quarter,4,OTB_DEF_100-119_0_0_all,Div,27.7.j,NA,NA,-9,NA
HI,IE,2020,Quarter,4,OTB_DEF_100-119_1_100_all,Div,27.7.g,NA,NA,-9,NA
HI,IE,2020,Quarter,4,OTB_DEF_70-99_0_0_all,Div,27.7.j,NA,NA,-9,NA
HI,IE,2020,Quarter,4,SSC_DEF_100-119_0_0_all,Div,27.7.g,NA,NA,-9,NA
HI,IE,2020,Quarter,2,SSC_DEF_100-119_0_0_all,Div,27.7.g,NA,NA,-9,NA
HI,IE,2020,Quarter,3,SSC_DEF_100-119_0_0_all,Div,27.7.g,NA,NA,-9,NA
HI,IE,2020,Quarter,1,SSC_DEF_100-119_0_0_all,Div,27.7.j,NA,NA,-9,NA
HI,IE,2020,Quarter,2,SSC_DEF_100-119_0_0_all,Div,27.7.j,NA,NA,-9,NA
HI,IE,2020,Quarter,3,SSC_DEF_100-119_0_0_all,Div,27.7.j,NA,NA,-9,NA
SI,IE,2020,Quarter,4,OTB_CRU_100-119_0_0_all,Div,27.7.j,NA,HOM,NA,D,R,NA,NA,NA,NA,t,4.63915612684029,-9,-9,VIIbVIIgVIIjVIIk,Number of trips,NA
SI,IE,2020,Quarter,4,OTB_CRU_70-99_0_0_all,Div,27.7.j,NA,HOM,NA,D,R,NA,NA,NA,NA,t,11.9292585077307,-9,-9,VIIbVIIgVIIjVIIk,Number of trips,NA
SI,IE,2020,Quarter,1,OTB_DEF_>=120_0_0_all,Div,27.7.b,NA,HOM,NA,D,R,NA,NA,NA,NA,t,16.9660565163459,-9,-9,VIIbVIIgVIIjVIIk,Number of trips,NA
SI,IE,2020,Quarter,3,OTB_DEF_>=120_1_100_all,Div,27.7.g,NA,HOM,NA,D,R,NA,NA,NA,NA,t,11.5978902176902,-9,-9,VIIbVIIgVIIjVIIk,Number of trips,NA
SI,IE,2020,Quarter,2,OTB_DEF_100-119_0_0_all,Div,27.7.b,NA,HOM,NA,D,R,NA,NA,NA,NA,t,1.85566249050031,-9,-9,VIIbVIIgVIIjVIIk,Number of trips,NA
SI,IE,2020,Quarter,1,OTB_DEF_100-119_0_0_all,Div,27.7.j,NA,HOM,NA,D,R,NA,NA,NA,NA,t,2.98231467663792,-9,-9,VIIbVIIgVIIjVIIk,Number of trips,NA
SI,IE,2020,Quarter,2,OTB_DEF_100-119_0_0_all,Div,27.7.j,NA,HOM,NA,D,R,NA,NA,NA,NA,t,0.861557620378889,-9,-9,VIIbVIIgVIIjVIIk,Number of trips,NA
SI,IE,2020,Quarter,4,OTB_DEF_100-119_0_0_all,Div,27.7.j,NA,HOM,NA,D,R,NA,NA,NA,NA,t,37.5771641568634,-9,-9,VIIbVIIgVIIjVIIk,Number of trips,NA
SI,IE,2020,Quarter,4,OTB_DEF_100-119_1_100_all,Div,27.7.g,NA,HOM,NA,D,R,NA,NA,NA,NA,t,9.07949121338264,-9,-9,VIIbVIIgVIIjVIIk,Number of trips,NA
SI,IE,2020,Quarter,4,OTB_DEF_70-99_0_0_all,Div,27.7.j,NA,HOM,NA,D,R,NA,NA,NA,NA,t,4.30778783679982,-9,-9,VIIbVIIgVIIjVIIk,Number of trips,NA
SI,IE,2020,Quarter,4,SSC_DEF_100-119_0_0_all,Div,27.7.g,NA,HOM,NA,D,R,NA,NA,NA,NA,t,1.0445705910901,-9,-9,VIIbVIIgVIIjVIIk,Number of trips,NA
SI,IE,2020,Quarter,2,SSC_DEF_100-119_0_0_all,Div,27.7.g,NA,HOM,NA,D,R,NA,NA,NA,NA,t,3.44708287051359,-9,-9,VIIbVIIgVIIjVIIk,Number of trips,NA
SI,IE,2020,Quarter,3,SSC_DEF_100-119_0_0_all,Div,27.7.g,NA,HOM,NA,D,R,NA,NA,NA,NA,t,3.89973011156439,-9,-9,VIIbVIIgVIIjVIIk,Number of trips,NA
SI,IE,2020,Quarter,1,SSC_DEF_100-119_0_0_all,Div,27.7.j,NA,HOM,NA,D,R,NA,NA,NA,NA,t,0.696380405666406,-9,-9,VIIbVIIgVIIjVIIk,Number of trips,NA
SI,IE,2020,Quarter,2,SSC_DEF_100-119_0_0_all,Div,27.7.j,NA,HOM,NA,D,R,NA,NA,NA,NA,t,2.22841722153066,-9,-9,VIIbVIIgVIIjVIIk,Number of trips,NA
SI,IE,2020,Quarter,3,SSC_DEF_100-119_0_0_all,Div,27.7.j,NA,HOM,NA,D,R,NA,NA,NA,NA,t,4.28273931553045,-9,-9,VIIbVIIgVIIjVIIk,Number of trips,NA
SD,IE,2020,Quarter,4,OTB_CRU_100-119_0_0_all,Div,27.7.j,NA,HOM,NA,D,R,N,lngt,6,-9,-9,19,167,-9,-9,kg,k,cm,cm,NA,0.042111031217556,0.00161976000058315,-9,-9,-9,-9
SD,IE,2020,Quarter,4,OTB_CRU_100-119_0_0_all,Div,27.7.j,NA,HOM,NA,D,R,N,lngt,23,-9,-9,19,167,-9,-9,kg,k,cm,cm,NA,0.0388556706996805,0.111734540040227,-9,-9,-9,-9
SD,IE,2020,Quarter,4,OTB_CRU_100-119_0_0_all,Div,27.7.j,NA,HOM,NA,D,R,N,lngt,24,-9,-9,19,167,-9,-9,kg,k,cm,cm,NA,1.2002803161706,0.128176600046146,-9,-9,-9,-9
SD,IE,2020,Quarter,4,OTB_CRU_100-119_0_0_all,Div,27.7.j,NA,HOM,NA,D,R,N,lngt,25,-9,-9,19,167,-9,-9,kg,k,cm,cm,NA,2.58340966749475,0.146232640052647,-9,-9,-9,-9
SD,IE,2020,Quarter,4,OTB_CRU_100-119_0_0_all,Div,27.7.j,NA,HOM,NA,D,R,N,lngt,26,-9,-9,19,167,-9,-9,kg,k,cm,cm,NA,4.80680837745342,0.165988340059759,-9,-9,-9,-9
SD,IE,2020,Quarter,4,OTB_CRU_100-119_0_0_all,Div,27.7.j,NA,HOM,NA,D,R,N,lngt,27,-9,-9,19,167,-9,-9,kg,k,cm,cm,NA,3.095674396067,0.187530740067515,-9,-9,-9,-9
SD,IE,2020,Quarter,4,OTB_CRU_100-119_0_0_all,Div,27.7.j,NA,HOM,NA,D,R,N,lngt,28,-9,-9,19,167,-9,-9,kg,k,cm,cm,NA,2.72309008285604,0.210947560075946,-9,-9,-9,-9
SD,IE,2020,Quarter,4,OTB_CRU_100-119_0_0_all,Div,27.7.j,NA,HOM,NA,D,R,N,lngt,29,-9,-9,19,167,-9,-9,kg,k,cm,cm,NA,2.21929306781935,0.236327200085083,-9,-9,-9,-9
SD,IE,2020,Quarter,4,OTB_CRU_100-119_0_0_all,Div,27.7.j,NA,HOM,NA,D,R,N,lngt,30,-9,-9,19,167,-9,-9,kg,k,cm,cm,NA,0.593506037706681,0.263759420094959,-9,-9,-9,-9
SD,IE,2020,Quarter,4,OTB_CRU_100-119_0_0_all,Div,27.7.j,NA,HOM,NA,D,R,N,lngt,31,-9,-9,19,167,-9,-9,kg,k,cm,cm,NA,0.205266823268777,0.293334660105607,-9,-9,-9,-9
SD,IE,2020,Quarter,4,OTB_CRU_100-119_0_0_all,Div,27.7.j,NA,HOM,NA,D,R,N,lngt,32,-9,-9,19,167,-9,-9,kg,k,cm,cm,NA,0.271572449942215,0.325144380117059,-9,-9,-9,-9
SD,IE,2020,Quarter,4,OTB_CRU_100-119_0_0_all,Div,27.7.j,NA,HOM,NA,D,R,N,lngt,33,-9,-9,19,167,-9,-9,kg,k,cm,cm,NA,0.103137519120798,0.359280720129349,-9,-9,-9,-9
SD,IE,2020,Quarter,4,OTB_CRU_100-119_0_0_all,Div,27.7.j,NA,HOM,NA,D,R,N,lngt,34,-9,-9,19,167,-9,-9,kg,k,cm,cm,NA,0.245788865488398,0.39583684014251,-9,-9,-9,-9
SD,IE,2020,Quarter,4,OTB_CRU_100-119_0_0_all,Div,27.7.j,NA,HOM,NA,D,R,N,lngt,35,-9,-9,19,167,-9,-9,kg,k,cm,cm,NA,0.511306663842802,0.434906920156576,-9,-9,-9,-9
SD,IE,2020,Quarter,4,OTB_CRU_100-119_0_0_all,Div,27.7.j,NA,HOM,NA,D,R,N,lngt,36,-9,-9,19,167,-9,-9,kg,k,cm,cm,NA,0.453434683547873,0.476584800171581,-9,-9,-9,-9
SD,IE,2020,Quarter,4,OTB_CRU_100-119_0_0_all,Div,27.7.j,NA,HOM,NA,D,R,N,lngt,37,-9,-9,19,167,-9,-9,kg,k,cm,cm,NA,0.155112236338726,0.520967040187559,-9,-9,-9,-9
SD,IE,2020,Quarter,4,OTB_CRU_100-119_0_0_all,Div,27.7.j,NA,HOM,NA,D,R,N,lngt,38,-9,-9,19,167,-9,-9,kg,k,cm,cm,NA,0.358822104634005,0.568148840204546,-9,-9,-9,-9
SD,IE,2020,Quarter,4,OTB_CRU_100-119_0_0_all,Div,27.7.j,NA,HOM,NA,D,R,N,lngt,39,-9,-9,19,167,-9,-9,kg,k,cm,cm,NA,0.168112586690344,0.618228120222575,-9,-9,-9,-9
SD,IE,2020,Quarter,4,OTB_CRU_100-119_0_0_all,Div,27.7.j,NA,HOM,NA,D,R,N,lngt,40,-9,-9,19,167,-9,-9,kg,k,cm,cm,NA,0.379448656341188,0.671302120241683,-9,-9,-9,-9
SD,IE,2020,Quarter,4,OTB_CRU_100-119_0_0_all,Div,27.7.j,NA,HOM,NA,D,R,N,lngt,41,-9,-9,19,167,-9,-9,kg,k,cm,cm,NA,0.0583325915249859,0.727469440261905,-9,-9,-9,-9
SD,IE,2020,Quarter,4,OTB_CRU_100-119_0_0_all,Div,27.7.j,NA,HOM,NA,D,R,N,lngt,42,-9,-9,19,167,-9,-9,kg,k,cm,cm,NA,0.0388556706996805,0.786829360283276,-9,-9,-9,-9
SD,IE,2020,Quarter,4,OTB_CRU_100-119_0_0_all,Div,27.7.j,NA,HOM,NA,D,R,N,lngt,43,-9,-9,19,167,-9,-9,kg,k,cm,cm,NA,0.037189984833945,0.849481840305832,-9,-9,-9,-9
SD,IE,2020,Quarter,4,OTB_CRU_70-99_0_0_all,Div,27.7.j,NA,HOM,NA,D,R,N,lngt,6,-9,-9,19,167,-9,-9,kg,k,cm,cm,NA,0.108285507899794,0.00161976000058315,-9,-9,-9,-9
SD,IE,2020,Quarter,4,OTB_CRU_70-99_0_0_all,Div,27.7.j,NA,HOM,NA,D,R,N,lngt,23,-9,-9,19,167,-9,-9,kg,k,cm,cm,NA,0.0999145809269083,0.111734540040227,-9,-9,-9,-9
SD,IE,2020,Quarter,4,OTB_CRU_70-99_0_0_all,Div,27.7.j,NA,HOM,NA,D,R,N,lngt,24,-9,-9,19,167,-9,-9,kg,k,cm,cm,NA,3.08643507177934,0.128176600046146,-9,-9,-9,-9
SD,IE,2020,Quarter,4,OTB_CRU_70-99_0_0_all,Div,27.7.j,NA,HOM,NA,D,R,N,lngt,25,-9,-9,19,167,-9,-9,kg,k,cm,cm,NA,6.64305337270587,0.146232640052647,-9,-9,-9,-9
SD,IE,2020,Quarter,4,OTB_CRU_70-99_0_0_all,Div,27.7.j,NA,HOM,NA,D,R,N,lngt,26,-9,-9,19,167,-9,-9,kg,k,cm,cm,NA,12.360364291258,0.165988340059759,-9,-9,-9,-9
SD,IE,2020,Quarter,4,OTB_CRU_70-99_0_0_all,Div,27.7.j,NA,HOM,NA,D,R,N,lngt,27,-9,-9,19,167,-9,-9,kg,k,cm,cm,NA,7.96030552039183,0.187530740067515,-9,-9,-9,-9
SD,IE,2020,Quarter,4,OTB_CRU_70-99_0_0_all,Div,27.7.j,NA,HOM,NA,D,R,N,lngt,28,-9,-9,19,167,-9,-9,kg,k,cm,cm,NA,7.00223158049921,0.210947560075946,-9,-9,-9,-9
SD,IE,2020,Quarter,4,OTB_CRU_70-99_0_0_all,Div,27.7.j,NA,HOM,NA,D,R,N,lngt,29,-9,-9,19,167,-9,-9,kg,k,cm,cm,NA,5.70675355314317,0.236327200085083,-9,-9,-9,-9
SD,IE,2020,Quarter,4,OTB_CRU_70-99_0_0_all,Div,27.7.j,NA,HOM,NA,D,R,N,lngt,30,-9,-9,19,167,-9,-9,kg,k,cm,cm,NA,1.52615836935072,0.263759420094959,-9,-9,-9,-9
SD,IE,2020,Quarter,4,OTB_CRU_70-99_0_0_all,Div,27.7.j,NA,HOM,NA,D,R,N,lngt,31,-9,-9,19,167,-9,-9,kg,k,cm,cm,NA,0.527828969511681,0.293334660105607,-9,-9,-9,-9
SD,IE,2020,Quarter,4,OTB_CRU_70-99_0_0_all,Div,27.7.j,NA,HOM,NA,D,R,N,lngt,32,-9,-9,19,167,-9,-9,kg,k,cm,cm,NA,0.698329150897743,0.325144380117059,-9,-9,-9,-9
SD,IE,2020,Quarter,4,OTB_CRU_70-99_0_0_all,Div,27.7.j,NA,HOM,NA,D,R,N,lngt,33,-9,-9,19,167,-9,-9,kg,k,cm,cm,NA,0.265210761138149,0.359280720129349,-9,-9,-9,-9
SD,IE,2020,Quarter,4,OTB_CRU_70-99_0_0_all,Div,27.7.j,NA,HOM,NA,D,R,N,lngt,34,-9,-9,19,167,-9,-9,kg,k,cm,cm,NA,0.632028505738172,0.39583684014251,-9,-9,-9,-9
SD,IE,2020,Quarter,4,OTB_CRU_70-99_0_0_all,Div,27.7.j,NA,HOM,NA,D,R,N,lngt,35,-9,-9,19,167,-9,-9,kg,k,cm,cm,NA,1.31478855268889,0.434906920156576,-9,-9,-9,-9
SD,IE,2020,Quarter,4,OTB_CRU_70-99_0_0_all,Div,27.7.j,NA,HOM,NA,D,R,N,lngt,36,-9,-9,19,167,-9,-9,kg,k,cm,cm,NA,1.16597489037253,0.476584800171581,-9,-9,-9,-9
SD,IE,2020,Quarter,4,OTB_CRU_70-99_0_0_all,Div,27.7.j,NA,HOM,NA,D,R,N,lngt,37,-9,-9,19,167,-9,-9,kg,k,cm,cm,NA,0.398860032817469,0.520967040187559,-9,-9,-9,-9
SD,IE,2020,Quarter,4,OTB_CRU_70-99_0_0_all,Div,27.7.j,NA,HOM,NA,D,R,N,lngt,38,-9,-9,19,167,-9,-9,kg,k,cm,cm,NA,0.922685403860823,0.568148840204546,-9,-9,-9,-9
SD,IE,2020,Quarter,4,OTB_CRU_70-99_0_0_all,Div,27.7.j,NA,HOM,NA,D,R,N,lngt,39,-9,-9,19,167,-9,-9,kg,k,cm,cm,NA,0.432289504858356,0.618228120222575,-9,-9,-9,-9
SD,IE,2020,Quarter,4,OTB_CRU_70-99_0_0_all,Div,27.7.j,NA,HOM,NA,D,R,N,lngt,40,-9,-9,19,167,-9,-9,kg,k,cm,cm,NA,0.975725107787676,0.671302120241683,-9,-9,-9,-9
SD,IE,2020,Quarter,4,OTB_CRU_70-99_0_0_all,Div,27.7.j,NA,HOM,NA,D,R,N,lngt,41,-9,-9,19,167,-9,-9,kg,k,cm,cm,NA,0.149998091183314,0.727469440261905,-9,-9,-9,-9
SD,IE,2020,Quarter,4,OTB_CRU_70-99_0_0_all,Div,27.7.j,NA,HOM,NA,D,R,N,lngt,42,-9,-9,19,167,-9,-9,kg,k,cm,cm,NA,0.0999145809269083,0.786829360283276,-9,-9,-9,-9
SD,IE,2020,Quarter,4,OTB_CRU_70-99_0_0_all,Div,27.7.j,NA,HOM,NA,D,R,N,lngt,43,-9,-9,19,167,-9,-9,kg,k,cm,cm,NA,0.0956313887381241,0.849481840305832,-9,-9,-9,-9
SD,IE,2020,Quarter,1,OTB_DEF_>=120_0_0_all,Div,27.7.b,NA,HOM,NA,D,R,N,lngt,6,-9,-9,19,167,-9,-9,kg,k,cm,cm,NA,0.154006055425704,0.00161976000058315,-9,-9,-9,-9
SD,IE,2020,Quarter,1,OTB_DEF_>=120_0_0_all,Div,27.7.b,NA,HOM,NA,D,R,N,lngt,23,-9,-9,19,167,-9,-9,kg,k,cm,cm,NA,0.142100737083902,0.111734540040227,-9,-9,-9,-9
SD,IE,2020,Quarter,1,OTB_DEF_>=120_0_0_all,Div,27.7.b,NA,HOM,NA,D,R,N,lngt,24,-9,-9,19,167,-9,-9,kg,k,cm,cm,NA,4.38959653929083,0.128176600046146,-9,-9,-9,-9
SD,IE,2020,Quarter,1,OTB_DEF_>=120_0_0_all,Div,27.7.b,NA,HOM,NA,D,R,N,lngt,25,-9,-9,19,167,-9,-9,kg,k,cm,cm,NA,9.4478981144881,0.146232640052647,-9,-9,-9,-9
SD,IE,2020,Quarter,1,OTB_DEF_>=120_0_0_all,Div,27.7.b,NA,HOM,NA,D,R,N,lngt,26,-9,-9,19,167,-9,-9,kg,k,cm,cm,NA,17.5791847407957,0.165988340059759,-9,-9,-9,-9
SD,IE,2020,Quarter,1,OTB_DEF_>=120_0_0_all,Div,27.7.b,NA,HOM,NA,D,R,N,lngt,27,-9,-9,19,167,-9,-9,kg,k,cm,cm,NA,11.3213233881072,0.187530740067515,-9,-9,-9,-9
SD,IE,2020,Quarter,1,OTB_DEF_>=120_0_0_all,Div,27.7.b,NA,HOM,NA,D,R,N,lngt,28,-9,-9,19,167,-9,-9,kg,k,cm,cm,NA,9.95872934250723,0.210947560075946,-9,-9,-9,-9
SD,IE,2020,Quarter,1,OTB_DEF_>=120_0_0_all,Div,27.7.b,NA,HOM,NA,D,R,N,lngt,29,-9,-9,19,167,-9,-9,kg,k,cm,cm,NA,8.11627170663963,0.236327200085083,-9,-9,-9,-9
SD,IE,2020,Quarter,1,OTB_DEF_>=120_0_0_all,Div,27.7.b,NA,HOM,NA,D,R,N,lngt,30,-9,-9,19,167,-9,-9,kg,k,cm,cm,NA,2.17053634394115,0.263759420094959,-9,-9,-9,-9
SD,IE,2020,Quarter,1,OTB_DEF_>=120_0_0_all,Div,27.7.b,NA,HOM,NA,D,R,N,lngt,31,-9,-9,19,167,-9,-9,kg,k,cm,cm,NA,0.750690088734051,0.293334660105607,-9,-9,-9,-9
SD,IE,2020,Quarter,1,OTB_DEF_>=120_0_0_all,Div,27.7.b,NA,HOM,NA,D,R,N,lngt,32,-9,-9,19,167,-9,-9,kg,k,cm,cm,NA,0.993179235194289,0.325144380117059,-9,-9,-9,-9
SD,IE,2020,Quarter,1,OTB_DEF_>=120_0_0_all,Div,27.7.b,NA,HOM,NA,D,R,N,lngt,33,-9,-9,19,167,-9,-9,kg,k,cm,cm,NA,0.377188637441046,0.359280720129349,-9,-9,-9,-9
SD,IE,2020,Quarter,1,OTB_DEF_>=120_0_0_all,Div,27.7.b,NA,HOM,NA,D,R,N,lngt,34,-9,-9,19,167,-9,-9,kg,k,cm,cm,NA,0.898884984456197,0.39583684014251,-9,-9,-9,-9
SD,IE,2020,Quarter,1,OTB_DEF_>=120_0_0_all,Div,27.7.b,NA,HOM,NA,D,R,N,lngt,35,-9,-9,19,167,-9,-9,kg,k,cm,cm,NA,1.86992149407346,0.434906920156576,-9,-9,-9,-9
SD,IE,2020,Quarter,1,OTB_DEF_>=120_0_0_all,Div,27.7.b,NA,HOM,NA,D,R,N,lngt,36,-9,-9,19,167,-9,-9,kg,k,cm,cm,NA,1.65827539690592,0.476584800171581,-9,-9,-9,-9
SD,IE,2020,Quarter,1,OTB_DEF_>=120_0_0_all,Div,27.7.b,NA,HOM,NA,D,R,N,lngt,37,-9,-9,19,167,-9,-9,kg,k,cm,cm,NA,0.567267601293692,0.520967040187559,-9,-9,-9,-9
SD,IE,2020,Quarter,1,OTB_DEF_>=120_0_0_all,Div,27.7.b,NA,HOM,NA,D,R,N,lngt,38,-9,-9,19,167,-9,-9,kg,k,cm,cm,NA,1.31226368332663,0.568148840204546,-9,-9,-9,-9
SD,IE,2020,Quarter,1,OTB_DEF_>=120_0_0_all,Div,27.7.b,NA,HOM,NA,D,R,N,lngt,39,-9,-9,19,167,-9,-9,kg,k,cm,cm,NA,0.614811739228983,0.618228120222575,-9,-9,-9,-9
SD,IE,2020,Quarter,1,OTB_DEF_>=120_0_0_all,Div,27.7.b,NA,HOM,NA,D,R,N,lngt,40,-9,-9,19,167,-9,-9,kg,k,cm,cm,NA,1.38769792878707,0.671302120241683,-9,-9,-9,-9
SD,IE,2020,Quarter,1,OTB_DEF_>=120_0_0_all,Div,27.7.b,NA,HOM,NA,D,R,N,lngt,41,-9,-9,19,167,-9,-9,kg,k,cm,cm,NA,0.213330618219977,0.727469440261905,-9,-9,-9,-9
SD,IE,2020,Quarter,1,OTB_DEF_>=120_0_0_all,Div,27.7.b,NA,HOM,NA,D,R,N,lngt,42,-9,-9,19,167,-9,-9,kg,k,cm,cm,NA,0.142100737083902,0.786829360283276,-9,-9,-9,-9
SD,IE,2020,Quarter,1,OTB_DEF_>=120_0_0_all,Div,27.7.b,NA,HOM,NA,D,R,N,lngt,43,-9,-9,19,167,-9,-9,kg,k,cm,cm,NA,0.136009085981012,0.849481840305832,-9,-9,-9,-9
SD,IE,2020,Quarter,3,OTB_DEF_>=120_1_100_all,Div,27.7.g,NA,HOM,NA,D,R,N,lngt,6,-9,-9,19,167,-9,-9,kg,k,cm,cm,NA,0.105277577141511,0.00161976000058315,-9,-9,-9,-9
SD,IE,2020,Quarter,3,OTB_DEF_>=120_1_100_all,Div,27.7.g,NA,HOM,NA,D,R,N,lngt,23,-9,-9,19,167,-9,-9,kg,k,cm,cm,NA,0.0971391759165797,0.111734540040227,-9,-9,-9,-9
SD,IE,2020,Quarter,3,OTB_DEF_>=120_1_100_all,Div,27.7.g,NA,HOM,NA,D,R,N,lngt,24,-9,-9,19,167,-9,-9,kg,k,cm,cm,NA,3.00070076470621,0.128176600046146,-9,-9,-9,-9
SD,IE,2020,Quarter,3,OTB_DEF_>=120_1_100_all,Div,27.7.g,NA,HOM,NA,D,R,N,lngt,25,-9,-9,19,167,-9,-9,kg,k,cm,cm,NA,6.45852411337809,0.146232640052647,-9,-9,-9,-9
SD,IE,2020,Quarter,3,OTB_DEF_>=120_1_100_all,Div,27.7.g,NA,HOM,NA,D,R,N,lngt,26,-9,-9,19,167,-9,-9,kg,k,cm,cm,NA,12.0170208406305,0.165988340059759,-9,-9,-9,-9
SD,IE,2020,Quarter,3,OTB_DEF_>=120_1_100_all,Div,27.7.g,NA,HOM,NA,D,R,N,lngt,27,-9,-9,19,167,-9,-9,kg,k,cm,cm,NA,7.73918592383161,0.187530740067515,-9,-9,-9,-9
SD,IE,2020,Quarter,3,OTB_DEF_>=120_1_100_all,Div,27.7.g,NA,HOM,NA,D,R,N,lngt,28,-9,-9,19,167,-9,-9,kg,k,cm,cm,NA,6.80772514878816,0.210947560075946,-9,-9,-9,-9
SD,IE,2020,Quarter,3,OTB_DEF_>=120_1_100_all,Div,27.7.g,NA,HOM,NA,D,R,N,lngt,29,-9,-9,19,167,-9,-9,kg,k,cm,cm,NA,5.54823262199208,0.236327200085083,-9,-9,-9,-9
SD,IE,2020,Quarter,3,OTB_DEF_>=120_1_100_all,Div,27.7.g,NA,HOM,NA,D,R,N,lngt,30,-9,-9,19,167,-9,-9,kg,k,cm,cm,NA,1.48376508154872,0.263759420094959,-9,-9,-9,-9
SD,IE,2020,Quarter,3,OTB_DEF_>=120_1_100_all,Div,27.7.g,NA,HOM,NA,D,R,N,lngt,31,-9,-9,19,167,-9,-9,kg,k,cm,cm,NA,0.513167053773367,0.293334660105607,-9,-9,-9,-9
SD,IE,2020,Quarter,3,OTB_DEF_>=120_1_100_all,Div,27.7.g,NA,HOM,NA,D,R,N,lngt,32,-9,-9,19,167,-9,-9,kg,k,cm,cm,NA,0.678931119036128,0.325144380117059,-9,-9,-9,-9
SD,IE,2020,Quarter,3,OTB_DEF_>=120_1_100_all,Div,27.7.g,NA,HOM,NA,D,R,N,lngt,33,-9,-9,19,167,-9,-9,kg,k,cm,cm,NA,0.257843795591906,0.359280720129349,-9,-9,-9,-9
SD,IE,2020,Quarter,3,OTB_DEF_>=120_1_100_all,Div,27.7.g,NA,HOM,NA,D,R,N,lngt,34,-9,-9,19,167,-9,-9,kg,k,cm,cm,NA,0.614472158454091,0.39583684014251,-9,-9,-9,-9
SD,IE,2020,Quarter,3,OTB_DEF_>=120_1_100_all,Div,27.7.g,NA,HOM,NA,D,R,N,lngt,35,-9,-9,19,167,-9,-9,kg,k,cm,cm,NA,1.27826664865043,0.434906920156576,-9,-9,-9,-9
SD,IE,2020,Quarter,3,OTB_DEF_>=120_1_100_all,Div,27.7.g,NA,HOM,NA,D,R,N,lngt,36,-9,-9,19,167,-9,-9,kg,k,cm,cm,NA,1.13358669915322,0.476584800171581,-9,-9,-9,-9
SD,IE,2020,Quarter,3,OTB_DEF_>=120_1_100_all,Div,27.7.g,NA,HOM,NA,D,R,N,lngt,37,-9,-9,19,167,-9,-9,kg,k,cm,cm,NA,0.387780587522981,0.520967040187559,-9,-9,-9,-9
SD,IE,2020,Quarter,3,OTB_DEF_>=120_1_100_all,Div,27.7.g,NA,HOM,NA,D,R,N,lngt,38,-9,-9,19,167,-9,-9,kg,k,cm,cm,NA,0.897055253895968,0.568148840204546,-9,-9,-9,-9
SD,IE,2020,Quarter,3,OTB_DEF_>=120_1_100_all,Div,27.7.g,NA,HOM,NA,D,R,N,lngt,39,-9,-9,19,167,-9,-9,kg,k,cm,cm,NA,0.420281463123446,0.618228120222575,-9,-9,-9,-9
SD,IE,2020,Quarter,3,OTB_DEF_>=120_1_100_all,Div,27.7.g,NA,HOM,NA,D,R,N,lngt,40,-9,-9,19,167,-9,-9,kg,k,cm,cm,NA,0.948621632721927,0.671302120241683,-9,-9,-9,-9
SD,IE,2020,Quarter,3,OTB_DEF_>=120_1_100_all,Div,27.7.g,NA,HOM,NA,D,R,N,lngt,41,-9,-9,19,167,-9,-9,kg,k,cm,cm,NA,0.145831477562481,0.727469440261905,-9,-9,-9,-9
SD,IE,2020,Quarter,3,OTB_DEF_>=120_1_100_all,Div,27.7.g,NA,HOM,NA,D,R,N,lngt,42,-9,-9,19,167,-9,-9,kg,k,cm,cm,NA,0.0971391759165797,0.786829360283276,-9,-9,-9,-9
SD,IE,2020,Quarter,3,OTB_DEF_>=120_1_100_all,Div,27.7.g,NA,HOM,NA,D,R,N,lngt,43,-9,-9,19,167,-9,-9,kg,k,cm,cm,NA,0.0929749612879341,0.849481840305832,-9,-9,-9,-9
SD,IE,2020,Quarter,2,OTB_DEF_100-119_0_0_all,Div,27.7.b,NA,HOM,NA,D,R,N,lngt,6,-9,-9,19,167,-9,-9,kg,k,cm,cm,NA,0.0168444128479741,0.00161976000058315,-9,-9,-9,-9
SD,IE,2020,Quarter,2,OTB_DEF_100-119_0_0_all,Div,27.7.b,NA,HOM,NA,D,R,N,lngt,23,-9,-9,19,167,-9,-9,kg,k,cm,cm,NA,0.0155422686129208,0.111734540040227,-9,-9,-9,-9
SD,IE,2020,Quarter,2,OTB_DEF_100-119_0_0_all,Div,27.7.b,NA,HOM,NA,D,R,N,lngt,24,-9,-9,19,167,-9,-9,kg,k,cm,cm,NA,0.480112136756358,0.128176600046146,-9,-9,-9,-9
SD,IE,2020,Quarter,2,OTB_DEF_100-119_0_0_all,Div,27.7.b,NA,HOM,NA,D,R,N,lngt,25,-9,-9,19,167,-9,-9,kg,k,cm,cm,NA,1.03336388914141,0.146232640052647,-9,-9,-9,-9
SD,IE,2020,Quarter,2,OTB_DEF_100-119_0_0_all,Div,27.7.b,NA,HOM,NA,D,R,N,lngt,26,-9,-9,19,167,-9,-9,kg,k,cm,cm,NA,1.92272339218258,0.165988340059759,-9,-9,-9,-9
SD,IE,2020,Quarter,2,OTB_DEF_100-119_0_0_all,Div,27.7.b,NA,HOM,NA,D,R,N,lngt,27,-9,-9,19,167,-9,-9,kg,k,cm,cm,NA,1.23826978496115,0.187530740067515,-9,-9,-9,-9
SD,IE,2020,Quarter,2,OTB_DEF_100-119_0_0_all,Div,27.7.b,NA,HOM,NA,D,R,N,lngt,28,-9,-9,19,167,-9,-9,kg,k,cm,cm,NA,1.08923605648319,0.210947560075946,-9,-9,-9,-9
SD,IE,2020,Quarter,2,OTB_DEF_100-119_0_0_all,Div,27.7.b,NA,HOM,NA,D,R,N,lngt,29,-9,-9,19,167,-9,-9,kg,k,cm,cm,NA,0.88771724615025,0.236327200085083,-9,-9,-9,-9
SD,IE,2020,Quarter,2,OTB_DEF_100-119_0_0_all,Div,27.7.b,NA,HOM,NA,D,R,N,lngt,30,-9,-9,19,167,-9,-9,kg,k,cm,cm,NA,0.237402420169867,0.263759420094959,-9,-9,-9,-9
SD,IE,2020,Quarter,2,OTB_DEF_100-119_0_0_all,Div,27.7.b,NA,HOM,NA,D,R,N,lngt,31,-9,-9,19,167,-9,-9,kg,k,cm,cm,NA,0.0821067310669406,0.293334660105607,-9,-9,-9,-9
SD,IE,2020,Quarter,2,OTB_DEF_100-119_0_0_all,Div,27.7.b,NA,HOM,NA,D,R,N,lngt,32,-9,-9,19,167,-9,-9,kg,k,cm,cm,NA,0.10862898230465,0.325144380117059,-9,-9,-9,-9
SD,IE,2020,Quarter,2,OTB_DEF_100-119_0_0_all,Div,27.7.b,NA,HOM,NA,D,R,N,lngt,33,-9,-9,19,167,-9,-9,kg,k,cm,cm,NA,0.0412550085323552,0.359280720129349,-9,-9,-9,-9
SD,IE,2020,Quarter,2,OTB_DEF_100-119_0_0_all,Div,27.7.b,NA,HOM,NA,D,R,N,lngt,34,-9,-9,19,167,-9,-9,kg,k,cm,cm,NA,0.0983155483021209,0.39583684014251,-9,-9,-9,-9
SD,IE,2020,Quarter,2,OTB_DEF_100-119_0_0_all,Div,27.7.b,NA,HOM,NA,D,R,N,lngt,35,-9,-9,19,167,-9,-9,kg,k,cm,cm,NA,0.204522669919749,0.434906920156576,-9,-9,-9,-9
SD,IE,2020,Quarter,2,OTB_DEF_100-119_0_0_all,Div,27.7.b,NA,HOM,NA,D,R,N,lngt,36,-9,-9,19,167,-9,-9,kg,k,cm,cm,NA,0.181373877305732,0.476584800171581,-9,-9,-9,-9
SD,IE,2020,Quarter,2,OTB_DEF_100-119_0_0_all,Div,27.7.b,NA,HOM,NA,D,R,N,lngt,37,-9,-9,19,167,-9,-9,kg,k,cm,cm,NA,0.0620448958650238,0.520967040187559,-9,-9,-9,-9
SD,IE,2020,Quarter,2,OTB_DEF_100-119_0_0_all,Div,27.7.b,NA,HOM,NA,D,R,N,lngt,38,-9,-9,19,167,-9,-9,kg,k,cm,cm,NA,0.14352884492922,0.568148840204546,-9,-9,-9,-9
SD,IE,2020,Quarter,2,OTB_DEF_100-119_0_0_all,Div,27.7.b,NA,HOM,NA,D,R,N,lngt,39,-9,-9,19,167,-9,-9,kg,k,cm,cm,NA,0.0672450361171024,0.618228120222575,-9,-9,-9,-9
SD,IE,2020,Quarter,2,OTB_DEF_100-119_0_0_all,Div,27.7.b,NA,HOM,NA,D,R,N,lngt,40,-9,-9,19,167,-9,-9,kg,k,cm,cm,NA,0.151779465788892,0.671302120241683,-9,-9,-9,-9
SD,IE,2020,Quarter,2,OTB_DEF_100-119_0_0_all,Div,27.7.b,NA,HOM,NA,D,R,N,lngt,41,-9,-9,19,167,-9,-9,kg,k,cm,cm,NA,0.023333037109988,0.727469440261905,-9,-9,-9,-9
SD,IE,2020,Quarter,2,OTB_DEF_100-119_0_0_all,Div,27.7.b,NA,HOM,NA,D,R,N,lngt,42,-9,-9,19,167,-9,-9,kg,k,cm,cm,NA,0.0155422686129208,0.786829360283276,-9,-9,-9,-9
SD,IE,2020,Quarter,2,OTB_DEF_100-119_0_0_all,Div,27.7.b,NA,HOM,NA,D,R,N,lngt,43,-9,-9,19,167,-9,-9,kg,k,cm,cm,NA,0.0148759942523493,0.849481840305832,-9,-9,-9,-9
SD,IE,2020,Quarter,1,OTB_DEF_100-119_0_0_all,Div,27.7.j,NA,HOM,NA,D,R,N,lngt,6,-9,-9,19,167,-9,-9,kg,k,cm,cm,NA,0.0270713774261382,0.00161976000058315,-9,-9,-9,-9
SD,IE,2020,Quarter,1,OTB_DEF_100-119_0_0_all,Div,27.7.j,NA,HOM,NA,D,R,N,lngt,23,-9,-9,19,167,-9,-9,kg,k,cm,cm,NA,0.0249786456480378,0.111734540040227,-9,-9,-9,-9
SD,IE,2020,Quarter,1,OTB_DEF_100-119_0_0_all,Div,27.7.j,NA,HOM,NA,D,R,N,lngt,24,-9,-9,19,167,-9,-9,kg,k,cm,cm,NA,0.77160878080498,0.128176600046146,-9,-9,-9,-9
SD,IE,2020,Quarter,1,OTB_DEF_100-119_0_0_all,Div,27.7.j,NA,HOM,NA,D,R,N,lngt,25,-9,-9,19,167,-9,-9,kg,k,cm,cm,NA,1.66076337085586,0.146232640052647,-9,-9,-9,-9
SD,IE,2020,Quarter,1,OTB_DEF_100-119_0_0_all,Div,27.7.j,NA,HOM,NA,D,R,N,lngt,26,-9,-9,19,167,-9,-9,kg,k,cm,cm,NA,3.09009112431602,0.165988340059759,-9,-9,-9,-9
SD,IE,2020,Quarter,1,OTB_DEF_100-119_0_0_all,Div,27.7.j,NA,HOM,NA,D,R,N,lngt,27,-9,-9,19,167,-9,-9,kg,k,cm,cm,NA,1.9900764132659,0.187530740067515,-9,-9,-9,-9
SD,IE,2020,Quarter,1,OTB_DEF_100-119_0_0_all,Div,27.7.j,NA,HOM,NA,D,R,N,lngt,28,-9,-9,19,167,-9,-9,kg,k,cm,cm,NA,1.75055792430077,0.210947560075946,-9,-9,-9,-9
SD,IE,2020,Quarter,1,OTB_DEF_100-119_0_0_all,Div,27.7.j,NA,HOM,NA,D,R,N,lngt,29,-9,-9,19,167,-9,-9,kg,k,cm,cm,NA,1.42668841206393,0.236327200085083,-9,-9,-9,-9
SD,IE,2020,Quarter,1,OTB_DEF_100-119_0_0_all,Div,27.7.j,NA,HOM,NA,D,R,N,lngt,30,-9,-9,19,167,-9,-9,kg,k,cm,cm,NA,0.381539598696673,0.263759420094959,-9,-9,-9,-9
SD,IE,2020,Quarter,1,OTB_DEF_100-119_0_0_all,Div,27.7.j,NA,HOM,NA,D,R,N,lngt,31,-9,-9,19,167,-9,-9,kg,k,cm,cm,NA,0.131957244577208,0.293334660105607,-9,-9,-9,-9
SD,IE,2020,Quarter,1,OTB_DEF_100-119_0_0_all,Div,27.7.j,NA,HOM,NA,D,R,N,lngt,32,-9,-9,19,167,-9,-9,kg,k,cm,cm,NA,0.17458229063414,0.325144380117059,-9,-9,-9,-9
SD,IE,2020,Quarter,1,OTB_DEF_100-119_0_0_all,Div,27.7.j,NA,HOM,NA,D,R,N,lngt,33,-9,-9,19,167,-9,-9,kg,k,cm,cm,NA,0.0663026913895821,0.359280720129349,-9,-9,-9,-9
SD,IE,2020,Quarter,1,OTB_DEF_100-119_0_0_all,Div,27.7.j,NA,HOM,NA,D,R,N,lngt,34,-9,-9,19,167,-9,-9,kg,k,cm,cm,NA,0.158007129067995,0.39583684014251,-9,-9,-9,-9
SD,IE,2020,Quarter,1,OTB_DEF_100-119_0_0_all,Div,27.7.j,NA,HOM,NA,D,R,N,lngt,35,-9,-9,19,167,-9,-9,kg,k,cm,cm,NA,0.328697143650508,0.434906920156576,-9,-9,-9,-9
SD,IE,2020,Quarter,1,OTB_DEF_100-119_0_0_all,Div,27.7.j,NA,HOM,NA,D,R,N,lngt,36,-9,-9,19,167,-9,-9,kg,k,cm,cm,NA,0.29149372745136,0.476584800171581,-9,-9,-9,-9
SD,IE,2020,Quarter,1,OTB_DEF_100-119_0_0_all,Div,27.7.j,NA,HOM,NA,D,R,N,lngt,37,-9,-9,19,167,-9,-9,kg,k,cm,cm,NA,0.0997150098662841,0.520967040187559,-9,-9,-9,-9
SD,IE,2020,Quarter,1,OTB_DEF_100-119_0_0_all,Div,27.7.j,NA,HOM,NA,D,R,N,lngt,38,-9,-9,19,167,-9,-9,kg,k,cm,cm,NA,0.230671354809728,0.568148840204546,-9,-9,-9,-9
SD,IE,2020,Quarter,1,OTB_DEF_100-119_0_0_all,Div,27.7.j,NA,HOM,NA,D,R,N,lngt,39,-9,-9,19,167,-9,-9,kg,k,cm,cm,NA,0.108072378015795,0.618228120222575,-9,-9,-9,-9
SD,IE,2020,Quarter,1,OTB_DEF_100-119_0_0_all,Div,27.7.j,NA,HOM,NA,D,R,N,lngt,40,-9,-9,19,167,-9,-9,kg,k,cm,cm,NA,0.24393128101244,0.671302120241683,-9,-9,-9,-9
SD,IE,2020,Quarter,1,OTB_DEF_100-119_0_0_all,Div,27.7.j,NA,HOM,NA,D,R,N,lngt,41,-9,-9,19,167,-9,-9,kg,k,cm,cm,NA,0.0374995234208205,0.727469440261905,-9,-9,-9,-9
SD,IE,2020,Quarter,1,OTB_DEF_100-119_0_0_all,Div,27.7.j,NA,HOM,NA,D,R,N,lngt,42,-9,-9,19,167,-9,-9,kg,k,cm,cm,NA,0.0249786456480378,0.786829360283276,-9,-9,-9,-9
SD,IE,2020,Quarter,1,OTB_DEF_100-119_0_0_all,Div,27.7.j,NA,HOM,NA,D,R,N,lngt,43,-9,-9,19,167,-9,-9,kg,k,cm,cm,NA,0.0239078475829951,0.849481840305832,-9,-9,-9,-9
SD,IE,2020,Quarter,2,OTB_DEF_100-119_0_0_all,Div,27.7.j,NA,HOM,NA,D,R,N,lngt,6,-9,-9,19,167,-9,-9,kg,k,cm,cm,NA,0.0078206205731234,0.00161976000058315,-9,-9,-9,-9
SD,IE,2020,Quarter,2,OTB_DEF_100-119_0_0_all,Div,27.7.j,NA,HOM,NA,D,R,N,lngt,23,-9,-9,19,167,-9,-9,kg,k,cm,cm,NA,0.00721605358193519,0.111734540040227,-9,-9,-9,-9
SD,IE,2020,Quarter,2,OTB_DEF_100-119_0_0_all,Div,27.7.j,NA,HOM,NA,D,R,N,lngt,24,-9,-9,19,167,-9,-9,kg,k,cm,cm,NA,0.222909215536985,0.128176600046146,-9,-9,-9,-9
SD,IE,2020,Quarter,2,OTB_DEF_100-119_0_0_all,Div,27.7.j,NA,HOM,NA,D,R,N,lngt,25,-9,-9,19,167,-9,-9,kg,k,cm,cm,NA,0.479776111158075,0.146232640052647,-9,-9,-9,-9
SD,IE,2020,Quarter,2,OTB_DEF_100-119_0_0_all,Div,27.7.j,NA,HOM,NA,D,R,N,lngt,26,-9,-9,19,167,-9,-9,kg,k,cm,cm,NA,0.89269304030014,0.165988340059759,-9,-9,-9,-9
SD,IE,2020,Quarter,2,OTB_DEF_100-119_0_0_all,Div,27.7.j,NA,HOM,NA,D,R,N,lngt,27,-9,-9,19,167,-9,-9,kg,k,cm,cm,NA,0.574910995280491,0.187530740067515,-9,-9,-9,-9
SD,IE,2020,Quarter,2,OTB_DEF_100-119_0_0_all,Div,27.7.j,NA,HOM,NA,D,R,N,lngt,28,-9,-9,19,167,-9,-9,kg,k,cm,cm,NA,0.505716761350025,0.210947560075946,-9,-9,-9,-9
SD,IE,2020,Quarter,2,OTB_DEF_100-119_0_0_all,Div,27.7.j,NA,HOM,NA,D,R,N,lngt,29,-9,-9,19,167,-9,-9,kg,k,cm,cm,NA,0.412154452697001,0.236327200085083,-9,-9,-9,-9
SD,IE,2020,Quarter,2,OTB_DEF_100-119_0_0_all,Div,27.7.j,NA,HOM,NA,D,R,N,lngt,30,-9,-9,19,167,-9,-9,kg,k,cm,cm,NA,0.110222556763862,0.263759420094959,-9,-9,-9,-9
SD,IE,2020,Quarter,2,OTB_DEF_100-119_0_0_all,Div,27.7.j,NA,HOM,NA,D,R,N,lngt,31,-9,-9,19,167,-9,-9,kg,k,cm,cm,NA,0.0381209838519991,0.293334660105607,-9,-9,-9,-9
SD,IE,2020,Quarter,2,OTB_DEF_100-119_0_0_all,Div,27.7.j,NA,HOM,NA,D,R,N,lngt,32,-9,-9,19,167,-9,-9,kg,k,cm,cm,NA,0.0504348867198051,0.325144380117059,-9,-9,-9,-9
SD,IE,2020,Quarter,2,OTB_DEF_100-119_0_0_all,Div,27.7.j,NA,HOM,NA,D,R,N,lngt,33,-9,-9,19,167,-9,-9,kg,k,cm,cm,NA,0.0191541118936255,0.359280720129349,-9,-9,-9,-9
SD,IE,2020,Quarter,2,OTB_DEF_100-119_0_0_all,Div,27.7.j,NA,HOM,NA,D,R,N,lngt,34,-9,-9,19,167,-9,-9,kg,k,cm,cm,NA,0.045646506449879,0.39583684014251,-9,-9,-9,-9
SD,IE,2020,Quarter,2,OTB_DEF_100-119_0_0_all,Div,27.7.j,NA,HOM,NA,D,R,N,lngt,35,-9,-9,19,167,-9,-9,kg,k,cm,cm,NA,0.0949569578043732,0.434906920156576,-9,-9,-9,-9
SD,IE,2020,Quarter,2,OTB_DEF_100-119_0_0_all,Div,27.7.j,NA,HOM,NA,D,R,N,lngt,36,-9,-9,19,167,-9,-9,kg,k,cm,cm,NA,0.0842093036478246,0.476584800171581,-9,-9,-9,-9
SD,IE,2020,Quarter,2,OTB_DEF_100-119_0_0_all,Div,27.7.j,NA,HOM,NA,D,R,N,lngt,37,-9,-9,19,167,-9,-9,kg,k,cm,cm,NA,0.0288065599815587,0.520967040187559,-9,-9,-9,-9
SD,IE,2020,Quarter,2,OTB_DEF_100-119_0_0_all,Div,27.7.j,NA,HOM,NA,D,R,N,lngt,38,-9,-9,19,167,-9,-9,kg,k,cm,cm,NA,0.0666383950346539,0.568148840204546,-9,-9,-9,-9
SD,IE,2020,Quarter,2,OTB_DEF_100-119_0_0_all,Div,27.7.j,NA,HOM,NA,D,R,N,lngt,39,-9,-9,19,167,-9,-9,kg,k,cm,cm,NA,0.0312209109123734,0.618228120222575,-9,-9,-9,-9
SD,IE,2020,Quarter,2,OTB_DEF_100-119_0_0_all,Div,27.7.j,NA,HOM,NA,D,R,N,lngt,40,-9,-9,19,167,-9,-9,kg,k,cm,cm,NA,0.0704690405916436,0.671302120241683,-9,-9,-9,-9
SD,IE,2020,Quarter,2,OTB_DEF_100-119_0_0_all,Div,27.7.j,NA,HOM,NA,D,R,N,lngt,41,-9,-9,19,167,-9,-9,kg,k,cm,cm,NA,0.0108331962474887,0.727469440261905,-9,-9,-9,-9
SD,IE,2020,Quarter,2,OTB_DEF_100-119_0_0_all,Div,27.7.j,NA,HOM,NA,D,R,N,lngt,42,-9,-9,19,167,-9,-9,kg,k,cm,cm,NA,0.00721605358193519,0.786829360283276,-9,-9,-9,-9
SD,IE,2020,Quarter,2,OTB_DEF_100-119_0_0_all,Div,27.7.j,NA,HOM,NA,D,R,N,lngt,43,-9,-9,19,167,-9,-9,kg,k,cm,cm,NA,0.00690671190177939,0.849481840305832,-9,-9,-9,-9
SD,IE,2020,Quarter,4,OTB_DEF_100-119_0_0_all,Div,27.7.j,NA,HOM,NA,D,R,N,lngt,6,-9,-9,19,167,-9,-9,kg,k,cm,cm,NA,0.341099348590942,0.00161976000058315,-9,-9,-9,-9
SD,IE,2020,Quarter,4,OTB_DEF_100-119_0_0_all,Div,27.7.j,NA,HOM,NA,D,R,N,lngt,23,-9,-9,19,167,-9,-9,kg,k,cm,cm,NA,0.314730928726337,0.111734540040227,-9,-9,-9,-9
SD,IE,2020,Quarter,4,OTB_DEF_100-119_0_0_all,Div,27.7.j,NA,HOM,NA,D,R,N,lngt,24,-9,-9,19,167,-9,-9,kg,k,cm,cm,NA,9.72227043923916,0.128176600046146,-9,-9,-9,-9
SD,IE,2020,Quarter,4,OTB_DEF_100-119_0_0_all,Div,27.7.j,NA,HOM,NA,D,R,N,lngt,25,-9,-9,19,167,-9,-9,kg,k,cm,cm,NA,20.9256180446759,0.146232640052647,-9,-9,-9,-9
SD,IE,2020,Quarter,4,OTB_DEF_100-119_0_0_all,Div,27.7.j,NA,HOM,NA,D,R,N,lngt,26,-9,-9,19,167,-9,-9,kg,k,cm,cm,NA,38.935147369825,0.165988340059759,-9,-9,-9,-9
SD,IE,2020,Quarter,4,OTB_DEF_100-119_0_0_all,Div,27.7.j,NA,HOM,NA,D,R,N,lngt,27,-9,-9,19,167,-9,-9,kg,k,cm,cm,NA,25.0749622941528,0.187530740067515,-9,-9,-9,-9
SD,IE,2020,Quarter,4,OTB_DEF_100-119_0_0_all,Div,27.7.j,NA,HOM,NA,D,R,N,lngt,28,-9,-9,19,167,-9,-9,kg,k,cm,cm,NA,22.0570293949348,0.210947560075946,-9,-9,-9,-9
SD,IE,2020,Quarter,4,OTB_DEF_100-119_0_0_all,Div,27.7.j,NA,HOM,NA,D,R,N,lngt,29,-9,-9,19,167,-9,-9,kg,k,cm,cm,NA,17.976273624237,0.236327200085083,-9,-9,-9,-9
SD,IE,2020,Quarter,4,OTB_DEF_100-119_0_0_all,Div,27.7.j,NA,HOM,NA,D,R,N,lngt,30,-9,-9,19,167,-9,-9,kg,k,cm,cm,NA,4.80739884522565,0.263759420094959,-9,-9,-9,-9
SD,IE,2020,Quarter,4,OTB_DEF_100-119_0_0_all,Div,27.7.j,NA,HOM,NA,D,R,N,lngt,31,-9,-9,19,167,-9,-9,kg,k,cm,cm,NA,1.66266124765717,0.293334660105607,-9,-9,-9,-9
SD,IE,2020,Quarter,4,OTB_DEF_100-119_0_0_all,Div,27.7.j,NA,HOM,NA,D,R,N,lngt,32,-9,-9,19,167,-9,-9,kg,k,cm,cm,NA,2.19973681698674,0.325144380117059,-9,-9,-9,-9
SD,IE,2020,Quarter,4,OTB_DEF_100-119_0_0_all,Div,27.7.j,NA,HOM,NA,D,R,N,lngt,33,-9,-9,19,167,-9,-9,kg,k,cm,cm,NA,0.835413894417375,0.359280720129349,-9,-9,-9,-9
SD,IE,2020,Quarter,4,OTB_DEF_100-119_0_0_all,Div,27.7.j,NA,HOM,NA,D,R,N,lngt,34,-9,-9,19,167,-9,-9,kg,k,cm,cm,NA,1.99088978552601,0.39583684014251,-9,-9,-9,-9
SD,IE,2020,Quarter,4,OTB_DEF_100-119_0_0_all,Div,27.7.j,NA,HOM,NA,D,R,N,lngt,35,-9,-9,19,167,-9,-9,kg,k,cm,cm,NA,4.14158392526559,0.434906920156576,-9,-9,-9,-9
SD,IE,2020,Quarter,4,OTB_DEF_100-119_0_0_all,Div,27.7.j,NA,HOM,NA,D,R,N,lngt,36,-9,-9,19,167,-9,-9,kg,k,cm,cm,NA,3.67282089074654,0.476584800171581,-9,-9,-9,-9
SD,IE,2020,Quarter,4,OTB_DEF_100-119_0_0_all,Div,27.7.j,NA,HOM,NA,D,R,N,lngt,37,-9,-9,19,167,-9,-9,kg,k,cm,cm,NA,1.25640909861087,0.520967040187559,-9,-9,-9,-9
SD,IE,2020,Quarter,4,OTB_DEF_100-119_0_0_all,Div,27.7.j,NA,HOM,NA,D,R,N,lngt,38,-9,-9,19,167,-9,-9,kg,k,cm,cm,NA,2.90645901114063,0.568148840204546,-9,-9,-9,-9
SD,IE,2020,Quarter,4,OTB_DEF_100-119_0_0_all,Div,27.7.j,NA,HOM,NA,D,R,N,lngt,39,-9,-9,19,167,-9,-9,kg,k,cm,cm,NA,1.36171193514036,0.618228120222575,-9,-9,-9,-9
SD,IE,2020,Quarter,4,OTB_DEF_100-119_0_0_all,Div,27.7.j,NA,HOM,NA,D,R,N,lngt,40,-9,-9,19,167,-9,-9,kg,k,cm,cm,NA,3.07353407787669,0.671302120241683,-9,-9,-9,-9
SD,IE,2020,Quarter,4,OTB_DEF_100-119_0_0_all,Div,27.7.j,NA,HOM,NA,D,R,N,lngt,41,-9,-9,19,167,-9,-9,kg,k,cm,cm,NA,0.472493985435794,0.727469440261905,-9,-9,-9,-9
SD,IE,2020,Quarter,4,OTB_DEF_100-119_0_0_all,Div,27.7.j,NA,HOM,NA,D,R,N,lngt,42,-9,-9,19,167,-9,-9,kg,k,cm,cm,NA,0.314730928726337,0.786829360283276,-9,-9,-9,-9
SD,IE,2020,Quarter,4,OTB_DEF_100-119_0_0_all,Div,27.7.j,NA,HOM,NA,D,R,N,lngt,43,-9,-9,19,167,-9,-9,kg,k,cm,cm,NA,0.301238873382827,0.849481840305832,-9,-9,-9,-9
SD,IE,2020,Quarter,4,OTB_DEF_100-119_1_100_all,Div,27.7.g,NA,HOM,NA,D,R,N,lngt,6,-9,-9,19,167,-9,-9,kg,k,cm,cm,NA,0.0824173033785557,0.00161976000058315,-9,-9,-9,-9
SD,IE,2020,Quarter,4,OTB_DEF_100-119_1_100_all,Div,27.7.g,NA,HOM,NA,D,R,N,lngt,23,-9,-9,19,167,-9,-9,kg,k,cm,cm,NA,0.0760460978380829,0.111734540040227,-9,-9,-9,-9
SD,IE,2020,Quarter,4,OTB_DEF_100-119_1_100_all,Div,27.7.g,NA,HOM,NA,D,R,N,lngt,24,-9,-9,19,167,-9,-9,kg,k,cm,cm,NA,2.34912003095047,0.128176600046146,-9,-9,-9,-9
SD,IE,2020,Quarter,4,OTB_DEF_100-119_1_100_all,Div,27.7.g,NA,HOM,NA,D,R,N,lngt,25,-9,-9,19,167,-9,-9,kg,k,cm,cm,NA,5.05610174248698,0.146232640052647,-9,-9,-9,-9
SD,IE,2020,Quarter,4,OTB_DEF_100-119_1_100_all,Div,27.7.g,NA,HOM,NA,D,R,N,lngt,26,-9,-9,19,167,-9,-9,kg,k,cm,cm,NA,9.40761061586166,0.165988340059759,-9,-9,-9,-9
SD,IE,2020,Quarter,4,OTB_DEF_100-119_1_100_all,Div,27.7.g,NA,HOM,NA,D,R,N,lngt,27,-9,-9,19,167,-9,-9,kg,k,cm,cm,NA,6.05867698997394,0.187530740067515,-9,-9,-9,-9
SD,IE,2020,Quarter,4,OTB_DEF_100-119_1_100_all,Div,27.7.g,NA,HOM,NA,D,R,N,lngt,28,-9,-9,19,167,-9,-9,kg,k,cm,cm,NA,5.32947626778415,0.210947560075946,-9,-9,-9,-9
SD,IE,2020,Quarter,4,OTB_DEF_100-119_1_100_all,Div,27.7.g,NA,HOM,NA,D,R,N,lngt,29,-9,-9,19,167,-9,-9,kg,k,cm,cm,NA,4.34347354524386,0.236327200085083,-9,-9,-9,-9
SD,IE,2020,Quarter,4,OTB_DEF_100-119_1_100_all,Div,27.7.g,NA,HOM,NA,D,R,N,lngt,30,-9,-9,19,167,-9,-9,kg,k,cm,cm,NA,1.1615760942535,0.263759420094959,-9,-9,-9,-9
SD,IE,2020,Quarter,4,OTB_DEF_100-119_1_100_all,Div,27.7.g,NA,HOM,NA,D,R,N,lngt,31,-9,-9,19,167,-9,-9,kg,k,cm,cm,NA,0.401736494162182,0.293334660105607,-9,-9,-9,-9
SD,IE,2020,Quarter,4,OTB_DEF_100-119_1_100_all,Div,27.7.g,NA,HOM,NA,D,R,N,lngt,32,-9,-9,19,167,-9,-9,kg,k,cm,cm,NA,0.531506076887855,0.325144380117059,-9,-9,-9,-9
SD,IE,2020,Quarter,4,OTB_DEF_100-119_1_100_all,Div,27.7.g,NA,HOM,NA,D,R,N,lngt,33,-9,-9,19,167,-9,-9,kg,k,cm,cm,NA,0.201854857440457,0.359280720129349,-9,-9,-9,-9
SD,IE,2020,Quarter,4,OTB_DEF_100-119_1_100_all,Div,27.7.g,NA,HOM,NA,D,R,N,lngt,34,-9,-9,19,167,-9,-9,kg,k,cm,cm,NA,0.481043919095078,0.39583684014251,-9,-9,-9,-9
SD,IE,2020,Quarter,4,OTB_DEF_100-119_1_100_all,Div,27.7.g,NA,HOM,NA,D,R,N,lngt,35,-9,-9,19,167,-9,-9,kg,k,cm,cm,NA,1.00070017795815,0.434906920156576,-9,-9,-9,-9
SD,IE,2020,Quarter,4,OTB_DEF_100-119_1_100_all,Div,27.7.g,NA,HOM,NA,D,R,N,lngt,36,-9,-9,19,167,-9,-9,kg,k,cm,cm,NA,0.887436445886526,0.476584800171581,-9,-9,-9,-9
SD,IE,2020,Quarter,4,OTB_DEF_100-119_1_100_all,Div,27.7.g,NA,HOM,NA,D,R,N,lngt,37,-9,-9,19,167,-9,-9,kg,k,cm,cm,NA,0.30357680328487,0.520967040187559,-9,-9,-9,-9
SD,IE,2020,Quarter,4,OTB_DEF_100-119_1_100_all,Div,27.7.g,NA,HOM,NA,D,R,N,lngt,38,-9,-9,19,167,-9,-9,kg,k,cm,cm,NA,0.702266114163067,0.568148840204546,-9,-9,-9,-9
SD,IE,2020,Quarter,4,OTB_DEF_100-119_1_100_all,Div,27.7.g,NA,HOM,NA,D,R,N,lngt,39,-9,-9,19,167,-9,-9,kg,k,cm,cm,NA,0.329020345938133,0.618228120222575,-9,-9,-9,-9
SD,IE,2020,Quarter,4,OTB_DEF_100-119_1_100_all,Div,27.7.g,NA,HOM,NA,D,R,N,lngt,40,-9,-9,19,167,-9,-9,kg,k,cm,cm,NA,0.742635222222231,0.671302120241683,-9,-9,-9,-9
SD,IE,2020,Quarter,4,OTB_DEF_100-119_1_100_all,Div,27.7.g,NA,HOM,NA,D,R,N,lngt,41,-9,-9,19,167,-9,-9,kg,k,cm,cm,NA,0.114165214044149,0.727469440261905,-9,-9,-9,-9
SD,IE,2020,Quarter,4,OTB_DEF_100-119_1_100_all,Div,27.7.g,NA,HOM,NA,D,R,N,lngt,42,-9,-9,19,167,-9,-9,kg,k,cm,cm,NA,0.0760460978380829,0.786829360283276,-9,-9,-9,-9
SD,IE,2020,Quarter,4,OTB_DEF_100-119_1_100_all,Div,27.7.g,NA,HOM,NA,D,R,N,lngt,43,-9,-9,19,167,-9,-9,kg,k,cm,cm,NA,0.0727861126664904,0.849481840305832,-9,-9,-9,-9
SD,IE,2020,Quarter,4,OTB_DEF_70-99_0_0_all,Div,27.7.j,NA,HOM,NA,D,R,N,lngt,6,-9,-9,19,167,-9,-9,kg,k,cm,cm,NA,0.0391031004592724,0.00161976000058315,-9,-9,-9,-9
SD,IE,2020,Quarter,4,OTB_DEF_70-99_0_0_all,Div,27.7.j,NA,HOM,NA,D,R,N,lngt,23,-9,-9,19,167,-9,-9,kg,k,cm,cm,NA,0.036080265689352,0.111734540040227,-9,-9,-9,-9
SD,IE,2020,Quarter,4,OTB_DEF_70-99_0_0_all,Div,27.7.j,NA,HOM,NA,D,R,N,lngt,24,-9,-9,19,167,-9,-9,kg,k,cm,cm,NA,1.11454600909748,0.128176600046146,-9,-9,-9,-9
SD,IE,2020,Quarter,4,OTB_DEF_70-99_0_0_all,Div,27.7.j,NA,HOM,NA,D,R,N,lngt,25,-9,-9,19,167,-9,-9,kg,k,cm,cm,NA,2.39888040816697,0.146232640052647,-9,-9,-9,-9
SD,IE,2020,Quarter,4,OTB_DEF_70-99_0_0_all,Div,27.7.j,NA,HOM,NA,D,R,N,lngt,26,-9,-9,19,167,-9,-9,kg,k,cm,cm,NA,4.46346492682594,0.165988340059759,-9,-9,-9,-9
SD,IE,2020,Quarter,4,OTB_DEF_70-99_0_0_all,Div,27.7.j,NA,HOM,NA,D,R,N,lngt,27,-9,-9,19,167,-9,-9,kg,k,cm,cm,NA,2.87455479950678,0.187530740067515,-9,-9,-9,-9
SD,IE,2020,Quarter,4,OTB_DEF_70-99_0_0_all,Div,27.7.j,NA,HOM,NA,D,R,N,lngt,28,-9,-9,19,167,-9,-9,kg,k,cm,cm,NA,2.52858365114498,0.210947560075946,-9,-9,-9,-9
SD,IE,2020,Quarter,4,OTB_DEF_70-99_0_0_all,Div,27.7.j,NA,HOM,NA,D,R,N,lngt,29,-9,-9,19,167,-9,-9,kg,k,cm,cm,NA,2.06077213666826,0.236327200085083,-9,-9,-9,-9
SD,IE,2020,Quarter,4,OTB_DEF_70-99_0_0_all,Div,27.7.j,NA,HOM,NA,D,R,N,lngt,30,-9,-9,19,167,-9,-9,kg,k,cm,cm,NA,0.55111274990468,0.263759420094959,-9,-9,-9,-9
SD,IE,2020,Quarter,4,OTB_DEF_70-99_0_0_all,Div,27.7.j,NA,HOM,NA,D,R,N,lngt,31,-9,-9,19,167,-9,-9,kg,k,cm,cm,NA,0.190604907530463,0.293334660105607,-9,-9,-9,-9
SD,IE,2020,Quarter,4,OTB_DEF_70-99_0_0_all,Div,27.7.j,NA,HOM,NA,D,R,N,lngt,32,-9,-9,19,167,-9,-9,kg,k,cm,cm,NA,0.2521744180806,0.325144380117059,-9,-9,-9,-9
SD,IE,2020,Quarter,4,OTB_DEF_70-99_0_0_all,Div,27.7.j,NA,HOM,NA,D,R,N,lngt,33,-9,-9,19,167,-9,-9,kg,k,cm,cm,NA,0.095770553574555,0.359280720129349,-9,-9,-9,-9
SD,IE,2020,Quarter,4,OTB_DEF_70-99_0_0_all,Div,27.7.j,NA,HOM,NA,D,R,N,lngt,34,-9,-9,19,167,-9,-9,kg,k,cm,cm,NA,0.228232518204317,0.39583684014251,-9,-9,-9,-9
SD,IE,2020,Quarter,4,OTB_DEF_70-99_0_0_all,Div,27.7.j,NA,HOM,NA,D,R,N,lngt,35,-9,-9,19,167,-9,-9,kg,k,cm,cm,NA,0.474784759804343,0.434906920156576,-9,-9,-9,-9
SD,IE,2020,Quarter,4,OTB_DEF_70-99_0_0_all,Div,27.7.j,NA,HOM,NA,D,R,N,lngt,36,-9,-9,19,167,-9,-9,kg,k,cm,cm,NA,0.42104649232857,0.476584800171581,-9,-9,-9,-9
SD,IE,2020,Quarter,4,OTB_DEF_70-99_0_0_all,Div,27.7.j,NA,HOM,NA,D,R,N,lngt,37,-9,-9,19,167,-9,-9,kg,k,cm,cm,NA,0.144032791044238,0.520967040187559,-9,-9,-9,-9
SD,IE,2020,Quarter,4,OTB_DEF_70-99_0_0_all,Div,27.7.j,NA,HOM,NA,D,R,N,lngt,38,-9,-9,19,167,-9,-9,kg,k,cm,cm,NA,0.33319195466915,0.568148840204546,-9,-9,-9,-9
SD,IE,2020,Quarter,4,OTB_DEF_70-99_0_0_all,Div,27.7.j,NA,HOM,NA,D,R,N,lngt,39,-9,-9,19,167,-9,-9,kg,k,cm,cm,NA,0.156104544955434,0.618228120222575,-9,-9,-9,-9
SD,IE,2020,Quarter,4,OTB_DEF_70-99_0_0_all,Div,27.7.j,NA,HOM,NA,D,R,N,lngt,40,-9,-9,19,167,-9,-9,kg,k,cm,cm,NA,0.352345181275438,0.671302120241683,-9,-9,-9,-9
SD,IE,2020,Quarter,4,OTB_DEF_70-99_0_0_all,Div,27.7.j,NA,HOM,NA,D,R,N,lngt,41,-9,-9,19,167,-9,-9,kg,k,cm,cm,NA,0.0541659779041528,0.727469440261905,-9,-9,-9,-9
SD,IE,2020,Quarter,4,OTB_DEF_70-99_0_0_all,Div,27.7.j,NA,HOM,NA,D,R,N,lngt,42,-9,-9,19,167,-9,-9,kg,k,cm,cm,NA,0.036080265689352,0.786829360283276,-9,-9,-9,-9
SD,IE,2020,Quarter,4,OTB_DEF_70-99_0_0_all,Div,27.7.j,NA,HOM,NA,D,R,N,lngt,43,-9,-9,19,167,-9,-9,kg,k,cm,cm,NA,0.034533557383755,0.849481840305832,-9,-9,-9,-9
SD,IE,2020,Quarter,4,SSC_DEF_100-119_0_0_all,Div,27.7.g,NA,HOM,NA,D,R,N,lngt,18,-9,-9,6,136,-9,-9,kg,k,cm,cm,NA,0.0150412699532517,0.0508068800182916,-9,-9,-9,-9
SD,IE,2020,Quarter,4,SSC_DEF_100-119_0_0_all,Div,27.7.g,NA,HOM,NA,D,R,N,lngt,22,-9,-9,6,136,-9,-9,kg,k,cm,cm,NA,0.103586303704817,0.0968218000348579,-9,-9,-9,-9
SD,IE,2020,Quarter,4,SSC_DEF_100-119_0_0_all,Div,27.7.g,NA,HOM,NA,D,R,N,lngt,23,-9,-9,6,136,-9,-9,kg,k,cm,cm,NA,0.268765764805551,0.111734540040227,-9,-9,-9,-9
SD,IE,2020,Quarter,4,SSC_DEF_100-119_0_0_all,Div,27.7.g,NA,HOM,NA,D,R,N,lngt,24,-9,-9,6,136,-9,-9,kg,k,cm,cm,NA,0.168218829671125,0.128176600046146,-9,-9,-9,-9
SD,IE,2020,Quarter,4,SSC_DEF_100-119_0_0_all,Div,27.7.g,NA,HOM,NA,D,R,N,lngt,25,-9,-9,6,136,-9,-9,kg,k,cm,cm,NA,0.470127735161204,0.146232640052647,-9,-9,-9,-9
SD,IE,2020,Quarter,4,SSC_DEF_100-119_0_0_all,Div,27.7.g,NA,HOM,NA,D,R,N,lngt,26,-9,-9,6,136,-9,-9,kg,k,cm,cm,NA,0.321916221971605,0.165988340059759,-9,-9,-9,-9
SD,IE,2020,Quarter,4,SSC_DEF_100-119_0_0_all,Div,27.7.g,NA,HOM,NA,D,R,N,lngt,27,-9,-9,6,136,-9,-9,kg,k,cm,cm,NA,0.48884425108267,0.187530740067515,-9,-9,-9,-9
SD,IE,2020,Quarter,4,SSC_DEF_100-119_0_0_all,Div,27.7.g,NA,HOM,NA,D,R,N,lngt,28,-9,-9,6,136,-9,-9,kg,k,cm,cm,NA,0.263733627982003,0.210947560075946,-9,-9,-9,-9
SD,IE,2020,Quarter,4,SSC_DEF_100-119_0_0_all,Div,27.7.g,NA,HOM,NA,D,R,N,lngt,29,-9,-9,6,136,-9,-9,kg,k,cm,cm,NA,0.502532730859233,0.236327200085083,-9,-9,-9,-9
SD,IE,2020,Quarter,4,SSC_DEF_100-119_0_0_all,Div,27.7.g,NA,HOM,NA,D,R,N,lngt,30,-9,-9,6,136,-9,-9,kg,k,cm,cm,NA,0.405200733051317,0.263759420094959,-9,-9,-9,-9
SD,IE,2020,Quarter,4,SSC_DEF_100-119_0_0_all,Div,27.7.g,NA,HOM,NA,D,R,N,lngt,31,-9,-9,6,136,-9,-9,kg,k,cm,cm,NA,0.170768148703512,0.293334660105607,-9,-9,-9,-9
SD,IE,2020,Quarter,4,SSC_DEF_100-119_0_0_all,Div,27.7.g,NA,HOM,NA,D,R,N,lngt,32,-9,-9,6,136,-9,-9,kg,k,cm,cm,NA,0.430591070978809,0.325144380117059,-9,-9,-9,-9
SD,IE,2020,Quarter,4,SSC_DEF_100-119_0_0_all,Div,27.7.g,NA,HOM,NA,D,R,N,lngt,33,-9,-9,6,136,-9,-9,kg,k,cm,cm,NA,0.230237497016087,0.359280720129349,-9,-9,-9,-9
SD,IE,2020,Quarter,4,SSC_DEF_100-119_0_0_all,Div,27.7.g,NA,HOM,NA,D,R,N,lngt,34,-9,-9,6,136,-9,-9,kg,k,cm,cm,NA,0.103011492173314,0.39583684014251,-9,-9,-9,-9
SD,IE,2020,Quarter,4,SSC_DEF_100-119_0_0_all,Div,27.7.g,NA,HOM,NA,D,R,N,lngt,35,-9,-9,6,136,-9,-9,kg,k,cm,cm,NA,0.159518060650574,0.434906920156576,-9,-9,-9,-9
SD,IE,2020,Quarter,4,SSC_DEF_100-119_0_0_all,Div,27.7.g,NA,HOM,NA,D,R,N,lngt,36,-9,-9,6,136,-9,-9,kg,k,cm,cm,NA,0.128202809326431,0.476584800171581,-9,-9,-9,-9
SD,IE,2020,Quarter,4,SSC_DEF_100-119_0_0_all,Div,27.7.g,NA,HOM,NA,D,R,N,lngt,39,-9,-9,6,136,-9,-9,kg,k,cm,cm,NA,0.0174131059940934,0.618228120222575,-9,-9,-9,-9
SD,IE,2020,Quarter,4,SSC_DEF_100-119_0_0_all,Div,27.7.g,NA,HOM,NA,D,R,N,lngt,40,-9,-9,6,136,-9,-9,kg,k,cm,cm,NA,0.0174131059940934,0.671302120241683,-9,-9,-9,-9
SD,IE,2020,Quarter,4,SSC_DEF_100-119_0_0_all,Div,27.7.g,NA,HOM,NA,D,R,N,lngt,41,-9,-9,6,136,-9,-9,kg,k,cm,cm,NA,0.0282289014453485,0.727469440261905,-9,-9,-9,-9
SD,IE,2020,Quarter,2,SSC_DEF_100-119_0_0_all,Div,27.7.g,NA,HOM,NA,D,R,N,lngt,18,-9,-9,6,136,-9,-9,kg,k,cm,cm,NA,0.0496361896925666,0.0508068800182916,-9,-9,-9,-9
SD,IE,2020,Quarter,2,SSC_DEF_100-119_0_0_all,Div,27.7.g,NA,HOM,NA,D,R,N,lngt,22,-9,-9,6,136,-9,-9,kg,k,cm,cm,NA,0.341834794284281,0.0968218000348579,-9,-9,-9,-9
SD,IE,2020,Quarter,2,SSC_DEF_100-119_0_0_all,Div,27.7.g,NA,HOM,NA,D,R,N,lngt,23,-9,-9,6,136,-9,-9,kg,k,cm,cm,NA,0.886927003252943,0.111734540040227,-9,-9,-9,-9
SD,IE,2020,Quarter,2,SSC_DEF_100-119_0_0_all,Div,27.7.g,NA,HOM,NA,D,R,N,lngt,24,-9,-9,6,136,-9,-9,kg,k,cm,cm,NA,0.555122125017935,0.128176600046146,-9,-9,-9,-9
SD,IE,2020,Quarter,2,SSC_DEF_100-119_0_0_all,Div,27.7.g,NA,HOM,NA,D,R,N,lngt,25,-9,-9,6,136,-9,-9,kg,k,cm,cm,NA,1.55142148998885,0.146232640052647,-9,-9,-9,-9
SD,IE,2020,Quarter,2,SSC_DEF_100-119_0_0_all,Div,27.7.g,NA,HOM,NA,D,R,N,lngt,26,-9,-9,6,136,-9,-9,kg,k,cm,cm,NA,1.06232350782605,0.165988340059759,-9,-9,-9,-9
SD,IE,2020,Quarter,2,SSC_DEF_100-119_0_0_all,Div,27.7.g,NA,HOM,NA,D,R,N,lngt,27,-9,-9,6,136,-9,-9,kg,k,cm,cm,NA,1.61318599109475,0.187530740067515,-9,-9,-9,-9
SD,IE,2020,Quarter,2,SSC_DEF_100-119_0_0_all,Div,27.7.g,NA,HOM,NA,D,R,N,lngt,28,-9,-9,6,136,-9,-9,kg,k,cm,cm,NA,0.870320952121033,0.210947560075946,-9,-9,-9,-9
SD,IE,2020,Quarter,2,SSC_DEF_100-119_0_0_all,Div,27.7.g,NA,HOM,NA,D,R,N,lngt,29,-9,-9,6,136,-9,-9,kg,k,cm,cm,NA,1.65835797330796,0.236327200085083,-9,-9,-9,-9
SD,IE,2020,Quarter,2,SSC_DEF_100-119_0_0_all,Div,27.7.g,NA,HOM,NA,D,R,N,lngt,30,-9,-9,6,136,-9,-9,kg,k,cm,cm,NA,1.33716238800396,0.263759420094959,-9,-9,-9,-9
SD,IE,2020,Quarter,2,SSC_DEF_100-119_0_0_all,Div,27.7.g,NA,HOM,NA,D,R,N,lngt,31,-9,-9,6,136,-9,-9,kg,k,cm,cm,NA,0.563534877629365,0.293334660105607,-9,-9,-9,-9
SD,IE,2020,Quarter,2,SSC_DEF_100-119_0_0_all,Div,27.7.g,NA,HOM,NA,D,R,N,lngt,32,-9,-9,6,136,-9,-9,kg,k,cm,cm,NA,1.42095050121809,0.325144380117059,-9,-9,-9,-9
SD,IE,2020,Quarter,2,SSC_DEF_100-119_0_0_all,Div,27.7.g,NA,HOM,NA,D,R,N,lngt,33,-9,-9,6,136,-9,-9,kg,k,cm,cm,NA,0.759783722501547,0.359280720129349,-9,-9,-9,-9
SD,IE,2020,Quarter,2,SSC_DEF_100-119_0_0_all,Div,27.7.g,NA,HOM,NA,D,R,N,lngt,34,-9,-9,6,136,-9,-9,kg,k,cm,cm,NA,0.33993791627439,0.39583684014251,-9,-9,-9,-9
SD,IE,2020,Quarter,2,SSC_DEF_100-119_0_0_all,Div,27.7.g,NA,HOM,NA,D,R,N,lngt,35,-9,-9,6,136,-9,-9,kg,k,cm,cm,NA,0.526409587917178,0.434906920156576,-9,-9,-9,-9
SD,IE,2020,Quarter,2,SSC_DEF_100-119_0_0_all,Div,27.7.g,NA,HOM,NA,D,R,N,lngt,36,-9,-9,6,136,-9,-9,kg,k,cm,cm,NA,0.423069260948342,0.476584800171581,-9,-9,-9,-9
SD,IE,2020,Quarter,2,SSC_DEF_100-119_0_0_all,Div,27.7.g,NA,HOM,NA,D,R,N,lngt,39,-9,-9,6,136,-9,-9,kg,k,cm,cm,NA,0.0574632484455033,0.618228120222575,-9,-9,-9,-9
SD,IE,2020,Quarter,2,SSC_DEF_100-119_0_0_all,Div,27.7.g,NA,HOM,NA,D,R,N,lngt,40,-9,-9,6,136,-9,-9,kg,k,cm,cm,NA,0.0574632484455033,0.671302120241683,-9,-9,-9,-9
SD,IE,2020,Quarter,2,SSC_DEF_100-119_0_0_all,Div,27.7.g,NA,HOM,NA,D,R,N,lngt,41,-9,-9,6,136,-9,-9,kg,k,cm,cm,NA,0.0931553726054344,0.727469440261905,-9,-9,-9,-9
SD,IE,2020,Quarter,3,SSC_DEF_100-119_0_0_all,Div,27.7.g,NA,HOM,NA,D,R,N,lngt,18,-9,-9,6,136,-9,-9,kg,k,cm,cm,NA,0.0561540731217129,0.0508068800182916,-9,-9,-9,-9
SD,IE,2020,Quarter,3,SSC_DEF_100-119_0_0_all,Div,27.7.g,NA,HOM,NA,D,R,N,lngt,22,-9,-9,6,136,-9,-9,kg,k,cm,cm,NA,0.386722191060122,0.0968218000348579,-9,-9,-9,-9
SD,IE,2020,Quarter,3,SSC_DEF_100-119_0_0_all,Div,27.7.g,NA,HOM,NA,D,R,N,lngt,23,-9,-9,6,136,-9,-9,kg,k,cm,cm,NA,1.00339216411984,0.111734540040227,-9,-9,-9,-9
SD,IE,2020,Quarter,3,SSC_DEF_100-119_0_0_all,Div,27.7.g,NA,HOM,NA,D,R,N,lngt,24,-9,-9,6,136,-9,-9,kg,k,cm,cm,NA,0.628016948778928,0.128176600046146,-9,-9,-9,-9
SD,IE,2020,Quarter,3,SSC_DEF_100-119_0_0_all,Div,27.7.g,NA,HOM,NA,D,R,N,lngt,25,-9,-9,6,136,-9,-9,kg,k,cm,cm,NA,1.75514350176797,0.146232640052647,-9,-9,-9,-9
SD,IE,2020,Quarter,3,SSC_DEF_100-119_0_0_all,Div,27.7.g,NA,HOM,NA,D,R,N,lngt,26,-9,-9,6,136,-9,-9,kg,k,cm,cm,NA,1.20182053269718,0.165988340059759,-9,-9,-9,-9
SD,IE,2020,Quarter,3,SSC_DEF_100-119_0_0_all,Div,27.7.g,NA,HOM,NA,D,R,N,lngt,27,-9,-9,6,136,-9,-9,kg,k,cm,cm,NA,1.82501849283616,0.187530740067515,-9,-9,-9,-9
SD,IE,2020,Quarter,3,SSC_DEF_100-119_0_0_all,Div,27.7.g,NA,HOM,NA,D,R,N,lngt,28,-9,-9,6,136,-9,-9,kg,k,cm,cm,NA,0.984605520437082,0.210947560075946,-9,-9,-9,-9
SD,IE,2020,Quarter,3,SSC_DEF_100-119_0_0_all,Div,27.7.g,NA,HOM,NA,D,R,N,lngt,29,-9,-9,6,136,-9,-9,kg,k,cm,cm,NA,1.87612214942149,0.236327200085083,-9,-9,-9,-9
SD,IE,2020,Quarter,3,SSC_DEF_100-119_0_0_all,Div,27.7.g,NA,HOM,NA,D,R,N,lngt,30,-9,-9,6,136,-9,-9,kg,k,cm,cm,NA,1.5127493664733,0.263759420094959,-9,-9,-9,-9
SD,IE,2020,Quarter,3,SSC_DEF_100-119_0_0_all,Div,27.7.g,NA,HOM,NA,D,R,N,lngt,31,-9,-9,6,136,-9,-9,kg,k,cm,cm,NA,0.637534406267569,0.293334660105607,-9,-9,-9,-9
SD,IE,2020,Quarter,3,SSC_DEF_100-119_0_0_all,Div,27.7.g,NA,HOM,NA,D,R,N,lngt,32,-9,-9,6,136,-9,-9,kg,k,cm,cm,NA,1.60753995908926,0.325144380117059,-9,-9,-9,-9
SD,IE,2020,Quarter,3,SSC_DEF_100-119_0_0_all,Div,27.7.g,NA,HOM,NA,D,R,N,lngt,33,-9,-9,6,136,-9,-9,kg,k,cm,cm,NA,0.859553301216199,0.359280720129349,-9,-9,-9,-9
SD,IE,2020,Quarter,3,SSC_DEF_100-119_0_0_all,Div,27.7.g,NA,HOM,NA,D,R,N,lngt,34,-9,-9,6,136,-9,-9,kg,k,cm,cm,NA,0.384576228061549,0.39583684014251,-9,-9,-9,-9
SD,IE,2020,Quarter,3,SSC_DEF_100-119_0_0_all,Div,27.7.g,NA,HOM,NA,D,R,N,lngt,35,-9,-9,6,136,-9,-9,kg,k,cm,cm,NA,0.595534078561611,0.434906920156576,-9,-9,-9,-9
SD,IE,2020,Quarter,3,SSC_DEF_100-119_0_0_all,Div,27.7.g,NA,HOM,NA,D,R,N,lngt,36,-9,-9,6,136,-9,-9,kg,k,cm,cm,NA,0.478623809804644,0.476584800171581,-9,-9,-9,-9
SD,IE,2020,Quarter,3,SSC_DEF_100-119_0_0_all,Div,27.7.g,NA,HOM,NA,D,R,N,lngt,39,-9,-9,6,136,-9,-9,kg,k,cm,cm,NA,0.0650089274580878,0.618228120222575,-9,-9,-9,-9
SD,IE,2020,Quarter,3,SSC_DEF_100-119_0_0_all,Div,27.7.g,NA,HOM,NA,D,R,N,lngt,40,-9,-9,6,136,-9,-9,kg,k,cm,cm,NA,0.0650089274580878,0.671302120241683,-9,-9,-9,-9
SD,IE,2020,Quarter,3,SSC_DEF_100-119_0_0_all,Div,27.7.g,NA,HOM,NA,D,R,N,lngt,41,-9,-9,6,136,-9,-9,kg,k,cm,cm,NA,0.105387896157335,0.727469440261905,-9,-9,-9,-9
SD,IE,2020,Quarter,1,SSC_DEF_100-119_0_0_all,Div,27.7.j,NA,HOM,NA,D,R,N,lngt,18,-9,-9,6,136,-9,-9,kg,k,cm,cm,NA,0.010027513469293,0.0508068800182916,-9,-9,-9,-9
SD,IE,2020,Quarter,1,SSC_DEF_100-119_0_0_all,Div,27.7.j,NA,HOM,NA,D,R,N,lngt,22,-9,-9,6,136,-9,-9,kg,k,cm,cm,NA,0.0690575369541704,0.0968218000348579,-9,-9,-9,-9
SD,IE,2020,Quarter,1,SSC_DEF_100-119_0_0_all,Div,27.7.j,NA,HOM,NA,D,R,N,lngt,23,-9,-9,6,136,-9,-9,kg,k,cm,cm,NA,0.17917717952332,0.111734540040227,-9,-9,-9,-9
SD,IE,2020,Quarter,1,SSC_DEF_100-119_0_0_all,Div,27.7.j,NA,HOM,NA,D,R,N,lngt,24,-9,-9,6,136,-9,-9,kg,k,cm,cm,NA,0.112145888316514,0.128176600046146,-9,-9,-9,-9
SD,IE,2020,Quarter,1,SSC_DEF_100-119_0_0_all,Div,27.7.j,NA,HOM,NA,D,R,N,lngt,25,-9,-9,6,136,-9,-9,kg,k,cm,cm,NA,0.31341849533111,0.146232640052647,-9,-9,-9,-9
SD,IE,2020,Quarter,1,SSC_DEF_100-119_0_0_all,Div,27.7.j,NA,HOM,NA,D,R,N,lngt,26,-9,-9,6,136,-9,-9,kg,k,cm,cm,NA,0.214610818224584,0.165988340059759,-9,-9,-9,-9
SD,IE,2020,Quarter,1,SSC_DEF_100-119_0_0_all,Div,27.7.j,NA,HOM,NA,D,R,N,lngt,27,-9,-9,6,136,-9,-9,kg,k,cm,cm,NA,0.325896172820049,0.187530740067515,-9,-9,-9,-9
SD,IE,2020,Quarter,1,SSC_DEF_100-119_0_0_all,Div,27.7.j,NA,HOM,NA,D,R,N,lngt,28,-9,-9,6,136,-9,-9,kg,k,cm,cm,NA,0.175822421585042,0.210947560075946,-9,-9,-9,-9
SD,IE,2020,Quarter,1,SSC_DEF_100-119_0_0_all,Div,27.7.j,NA,HOM,NA,D,R,N,lngt,29,-9,-9,6,136,-9,-9,kg,k,cm,cm,NA,0.335021826156519,0.236327200085083,-9,-9,-9,-9
SD,IE,2020,Quarter,1,SSC_DEF_100-119_0_0_all,Div,27.7.j,NA,HOM,NA,D,R,N,lngt,30,-9,-9,6,136,-9,-9,kg,k,cm,cm,NA,0.270133826536442,0.263759420094959,-9,-9,-9,-9
SD,IE,2020,Quarter,1,SSC_DEF_100-119_0_0_all,Div,27.7.j,NA,HOM,NA,D,R,N,lngt,31,-9,-9,6,136,-9,-9,kg,k,cm,cm,NA,0.113845434366432,0.293334660105607,-9,-9,-9,-9
SD,IE,2020,Quarter,1,SSC_DEF_100-119_0_0_all,Div,27.7.j,NA,HOM,NA,D,R,N,lngt,32,-9,-9,6,136,-9,-9,kg,k,cm,cm,NA,0.287060718770218,0.325144380117059,-9,-9,-9,-9
SD,IE,2020,Quarter,1,SSC_DEF_100-119_0_0_all,Div,27.7.j,NA,HOM,NA,D,R,N,lngt,33,-9,-9,6,136,-9,-9,kg,k,cm,cm,NA,0.153491667235586,0.359280720129349,-9,-9,-9,-9
SD,IE,2020,Quarter,1,SSC_DEF_100-119_0_0_all,Div,27.7.j,NA,HOM,NA,D,R,N,lngt,34,-9,-9,6,136,-9,-9,kg,k,cm,cm,NA,0.068674329260115,0.39583684014251,-9,-9,-9,-9
SD,IE,2020,Quarter,1,SSC_DEF_100-119_0_0_all,Div,27.7.j,NA,HOM,NA,D,R,N,lngt,35,-9,-9,6,136,-9,-9,kg,k,cm,cm,NA,0.106345375539472,0.434906920156576,-9,-9,-9,-9
SD,IE,2020,Quarter,1,SSC_DEF_100-119_0_0_all,Div,27.7.j,NA,HOM,NA,D,R,N,lngt,36,-9,-9,6,136,-9,-9,kg,k,cm,cm,NA,0.0854685409754299,0.476584800171581,-9,-9,-9,-9
SD,IE,2020,Quarter,1,SSC_DEF_100-119_0_0_all,Div,27.7.j,NA,HOM,NA,D,R,N,lngt,39,-9,-9,6,136,-9,-9,kg,k,cm,cm,NA,0.0116087375228745,0.618228120222575,-9,-9,-9,-9
SD,IE,2020,Quarter,1,SSC_DEF_100-119_0_0_all,Div,27.7.j,NA,HOM,NA,D,R,N,lngt,40,-9,-9,6,136,-9,-9,kg,k,cm,cm,NA,0.0116087375228745,0.671302120241683,-9,-9,-9,-9
SD,IE,2020,Quarter,1,SSC_DEF_100-119_0_0_all,Div,27.7.j,NA,HOM,NA,D,R,N,lngt,41,-9,-9,6,136,-9,-9,kg,k,cm,cm,NA,0.0188192679438868,0.727469440261905,-9,-9,-9,-9
SD,IE,2020,Quarter,2,SSC_DEF_100-119_0_0_all,Div,27.7.j,NA,HOM,NA,D,R,N,lngt,18,-9,-9,6,136,-9,-9,kg,k,cm,cm,NA,0.0320880419987112,0.0508068800182916,-9,-9,-9,-9
SD,IE,2020,Quarter,2,SSC_DEF_100-119_0_0_all,Div,27.7.j,NA,HOM,NA,D,R,N,lngt,22,-9,-9,6,136,-9,-9,kg,k,cm,cm,NA,0.220984110657017,0.0968218000348579,-9,-9,-9,-9
SD,IE,2020,Quarter,2,SSC_DEF_100-119_0_0_all,Div,27.7.j,NA,HOM,NA,D,R,N,lngt,23,-9,-9,6,136,-9,-9,kg,k,cm,cm,NA,0.573366954765136,0.111734540040227,-9,-9,-9,-9
SD,IE,2020,Quarter,2,SSC_DEF_100-119_0_0_all,Div,27.7.j,NA,HOM,NA,D,R,N,lngt,24,-9,-9,6,136,-9,-9,kg,k,cm,cm,NA,0.358866830276799,0.128176600046146,-9,-9,-9,-9
SD,IE,2020,Quarter,2,SSC_DEF_100-119_0_0_all,Div,27.7.j,NA,HOM,NA,D,R,N,lngt,25,-9,-9,6,136,-9,-9,kg,k,cm,cm,NA,1.00293915058352,0.146232640052647,-9,-9,-9,-9
SD,IE,2020,Quarter,2,SSC_DEF_100-119_0_0_all,Div,27.7.j,NA,HOM,NA,D,R,N,lngt,26,-9,-9,6,136,-9,-9,kg,k,cm,cm,NA,0.686754594711479,0.165988340059759,-9,-9,-9,-9
SD,IE,2020,Quarter,2,SSC_DEF_100-119_0_0_all,Div,27.7.j,NA,HOM,NA,D,R,N,lngt,27,-9,-9,6,136,-9,-9,kg,k,cm,cm,NA,1.04286771717558,0.187530740067515,-9,-9,-9,-9
SD,IE,2020,Quarter,2,SSC_DEF_100-119_0_0_all,Div,27.7.j,NA,HOM,NA,D,R,N,lngt,28,-9,-9,6,136,-9,-9,kg,k,cm,cm,NA,0.56263172973167,0.210947560075946,-9,-9,-9,-9
SD,IE,2020,Quarter,2,SSC_DEF_100-119_0_0_all,Div,27.7.j,NA,HOM,NA,D,R,N,lngt,29,-9,-9,6,136,-9,-9,kg,k,cm,cm,NA,1.07206980684846,0.236327200085083,-9,-9,-9,-9
SD,IE,2020,Quarter,2,SSC_DEF_100-119_0_0_all,Div,27.7.j,NA,HOM,NA,D,R,N,lngt,30,-9,-9,6,136,-9,-9,kg,k,cm,cm,NA,0.864428215201895,0.263759420094959,-9,-9,-9,-9
SD,IE,2020,Quarter,2,SSC_DEF_100-119_0_0_all,Div,27.7.j,NA,HOM,NA,D,R,N,lngt,31,-9,-9,6,136,-9,-9,kg,k,cm,cm,NA,0.364305377449584,0.293334660105607,-9,-9,-9,-9
SD,IE,2020,Quarter,2,SSC_DEF_100-119_0_0_all,Div,27.7.j,NA,HOM,NA,D,R,N,lngt,32,-9,-9,6,136,-9,-9,kg,k,cm,cm,NA,0.918594268488019,0.325144380117059,-9,-9,-9,-9
SD,IE,2020,Quarter,2,SSC_DEF_100-119_0_0_all,Div,27.7.j,NA,HOM,NA,D,R,N,lngt,33,-9,-9,6,136,-9,-9,kg,k,cm,cm,NA,0.491173318269792,0.359280720129349,-9,-9,-9,-9
SD,IE,2020,Quarter,2,SSC_DEF_100-119_0_0_all,Div,27.7.j,NA,HOM,NA,D,R,N,lngt,34,-9,-9,6,136,-9,-9,kg,k,cm,cm,NA,0.219757846078192,0.39583684014251,-9,-9,-9,-9
SD,IE,2020,Quarter,2,SSC_DEF_100-119_0_0_all,Div,27.7.j,NA,HOM,NA,D,R,N,lngt,35,-9,-9,6,136,-9,-9,kg,k,cm,cm,NA,0.340305190028321,0.434906920156576,-9,-9,-9,-9
SD,IE,2020,Quarter,2,SSC_DEF_100-119_0_0_all,Div,27.7.j,NA,HOM,NA,D,R,N,lngt,36,-9,-9,6,136,-9,-9,kg,k,cm,cm,NA,0.273499321719837,0.476584800171581,-9,-9,-9,-9
SD,IE,2020,Quarter,2,SSC_DEF_100-119_0_0_all,Div,27.7.j,NA,HOM,NA,D,R,N,lngt,39,-9,-9,6,136,-9,-9,kg,k,cm,cm,NA,0.0371479587962374,0.618228120222575,-9,-9,-9,-9
SD,IE,2020,Quarter,2,SSC_DEF_100-119_0_0_all,Div,27.7.j,NA,HOM,NA,D,R,N,lngt,40,-9,-9,6,136,-9,-9,kg,k,cm,cm,NA,0.0371479587962374,0.671302120241683,-9,-9,-9,-9
SD,IE,2020,Quarter,2,SSC_DEF_100-119_0_0_all,Div,27.7.j,NA,HOM,NA,D,R,N,lngt,41,-9,-9,6,136,-9,-9,kg,k,cm,cm,NA,0.0602216553503183,0.727469440261905,-9,-9,-9,-9
SD,IE,2020,Quarter,3,SSC_DEF_100-119_0_0_all,Div,27.7.j,NA,HOM,NA,D,R,N,lngt,18,-9,-9,6,136,-9,-9,kg,k,cm,cm,NA,0.0616692052540675,0.0508068800182916,-9,-9,-9,-9
SD,IE,2020,Quarter,3,SSC_DEF_100-119_0_0_all,Div,27.7.j,NA,HOM,NA,D,R,N,lngt,22,-9,-9,6,136,-9,-9,kg,k,cm,cm,NA,0.424703834485833,0.0968218000348579,-9,-9,-9,-9
SD,IE,2020,Quarter,3,SSC_DEF_100-119_0_0_all,Div,27.7.j,NA,HOM,NA,D,R,N,lngt,23,-9,-9,6,136,-9,-9,kg,k,cm,cm,NA,1.1019396079303,0.111734540040227,-9,-9,-9,-9
SD,IE,2020,Quarter,3,SSC_DEF_100-119_0_0_all,Div,27.7.j,NA,HOM,NA,D,R,N,lngt,24,-9,-9,6,136,-9,-9,kg,k,cm,cm,NA,0.689697184268999,0.128176600046146,-9,-9,-9,-9
SD,IE,2020,Quarter,3,SSC_DEF_100-119_0_0_all,Div,27.7.j,NA,HOM,NA,D,R,N,lngt,25,-9,-9,6,136,-9,-9,kg,k,cm,cm,NA,1.92752366558107,0.146232640052647,-9,-9,-9,-9
SD,IE,2020,Quarter,3,SSC_DEF_100-119_0_0_all,Div,27.7.j,NA,HOM,NA,D,R,N,lngt,26,-9,-9,6,136,-9,-9,kg,k,cm,cm,NA,1.31985647681891,0.165988340059759,-9,-9,-9,-9
SD,IE,2020,Quarter,3,SSC_DEF_100-119_0_0_all,Div,27.7.j,NA,HOM,NA,D,R,N,lngt,27,-9,-9,6,136,-9,-9,kg,k,cm,cm,NA,2.00426137892504,0.187530740067515,-9,-9,-9,-9
SD,IE,2020,Quarter,3,SSC_DEF_100-119_0_0_all,Div,27.7.j,NA,HOM,NA,D,R,N,lngt,28,-9,-9,6,136,-9,-9,kg,k,cm,cm,NA,1.08130784747374,0.210947560075946,-9,-9,-9,-9
SD,IE,2020,Quarter,3,SSC_DEF_100-119_0_0_all,Div,27.7.j,NA,HOM,NA,D,R,N,lngt,29,-9,-9,6,136,-9,-9,kg,k,cm,cm,NA,2.06038414459448,0.236327200085083,-9,-9,-9,-9
SD,IE,2020,Quarter,3,SSC_DEF_100-119_0_0_all,Div,27.7.j,NA,HOM,NA,D,R,N,lngt,30,-9,-9,6,136,-9,-9,kg,k,cm,cm,NA,1.66132296363966,0.263759420094959,-9,-9,-9,-9
SD,IE,2020,Quarter,3,SSC_DEF_100-119_0_0_all,Div,27.7.j,NA,HOM,NA,D,R,N,lngt,31,-9,-9,6,136,-9,-9,kg,k,cm,cm,NA,0.700149392038357,0.293334660105607,-9,-9,-9,-9
SD,IE,2020,Quarter,3,SSC_DEF_100-119_0_0_all,Div,27.7.j,NA,HOM,NA,D,R,N,lngt,32,-9,-9,6,136,-9,-9,kg,k,cm,cm,NA,1.76542334651871,0.325144380117059,-9,-9,-9,-9
SD,IE,2020,Quarter,3,SSC_DEF_100-119_0_0_all,Div,27.7.j,NA,HOM,NA,D,R,N,lngt,33,-9,-9,6,136,-9,-9,kg,k,cm,cm,NA,0.94397371397475,0.359280720129349,-9,-9,-9,-9
SD,IE,2020,Quarter,3,SSC_DEF_100-119_0_0_all,Div,27.7.j,NA,HOM,NA,D,R,N,lngt,34,-9,-9,6,136,-9,-9,kg,k,cm,cm,NA,0.422347107266069,0.39583684014251,-9,-9,-9,-9
SD,IE,2020,Quarter,3,SSC_DEF_100-119_0_0_all,Div,27.7.j,NA,HOM,NA,D,R,N,lngt,35,-9,-9,6,136,-9,-9,kg,k,cm,cm,NA,0.654024032183823,0.434906920156576,-9,-9,-9,-9
SD,IE,2020,Quarter,3,SSC_DEF_100-119_0_0_all,Div,27.7.j,NA,HOM,NA,D,R,N,lngt,36,-9,-9,6,136,-9,-9,kg,k,cm,cm,NA,0.525631504990746,0.476584800171581,-9,-9,-9,-9
SD,IE,2020,Quarter,3,SSC_DEF_100-119_0_0_all,Div,27.7.j,NA,HOM,NA,D,R,N,lngt,39,-9,-9,6,136,-9,-9,kg,k,cm,cm,NA,0.0713937327764285,0.618228120222575,-9,-9,-9,-9
SD,IE,2020,Quarter,3,SSC_DEF_100-119_0_0_all,Div,27.7.j,NA,HOM,NA,D,R,N,lngt,40,-9,-9,6,136,-9,-9,kg,k,cm,cm,NA,0.0713937327764285,0.671302120241683,-9,-9,-9,-9
SD,IE,2020,Quarter,3,SSC_DEF_100-119_0_0_all,Div,27.7.j,NA,HOM,NA,D,R,N,lngt,41,-9,-9,6,136,-9,-9,kg,k,cm,cm,NA,0.115738493008942,0.727469440261905,-9,-9,-9,-9
