HI,ES,2020,Quarter,1,GNS_DEF_>=100_0_0,Div,27.8.a,NA,kWd,22761.89,NA,,,,,,,,,,,,,,,,,,,,,
SI,ES,2020,Quarter,1,GNS_DEF_>=100_0_0,Div,27.8.a,NA,HOM,NA,L,R,NA,H,M,NA,t,0.076,0.076,-9,NA,NA,NA,,,,,,,,,
HI,ES,2020,Quarter,2,GNS_DEF_>=100_0_0,Div,27.8.a,NA,kWd,35359.85,NA,,,,,,,,,,,,,,,,,,,,,
SI,ES,2020,Quarter,2,GNS_DEF_>=100_0_0,Div,27.8.a,NA,HOM,NA,L,R,NA,H,M,NA,t,0,0,-9,NA,NA,NA,,,,,,,,,
HI,ES,2020,Quarter,3,GNS_DEF_>=100_0_0,Div,27.8.a,NA,kWd,16879.79,NA,,,,,,,,,,,,,,,,,,,,,
SI,ES,2020,Quarter,3,GNS_DEF_>=100_0_0,Div,27.8.a,NA,HOM,NA,L,R,NA,H,M,NA,t,0.213,0.213,-9,NA,NA,NA,,,,,,,,,
HI,ES,2020,Quarter,4,GNS_DEF_>=100_0_0,Div,27.8.a,NA,kWd,16769.45,NA,,,,,,,,,,,,,,,,,,,,,
SI,ES,2020,Quarter,4,GNS_DEF_>=100_0_0,Div,27.8.a,NA,HOM,NA,L,R,NA,H,M,NA,t,5.551,5.551,-9,NA,NA,NA,,,,,,,,,
HI,ES,2020,Quarter,1,OTB_DEF_>=70_0_0,Div,27.8.a,NA,kWd,131882.43,NA,,,,,,,,,,,,,,,,,,,,,
SI,ES,2020,Quarter,1,OTB_DEF_>=70_0_0,Div,27.8.a,NA,HOM,NA,L,R,NA,H,M,NA,t,7.621,7.621,-9,NA,NA,NA,,,,,,,,,
HI,ES,2020,Quarter,2,OTB_DEF_>=70_0_0,Div,27.8.a,NA,kWd,148335.43,NA,,,,,,,,,,,,,,,,,,,,,
SI,ES,2020,Quarter,2,OTB_DEF_>=70_0_0,Div,27.8.a,NA,HOM,NA,L,R,NA,H,M,NA,t,102.244,102.244,-9,NA,NA,NA,,,,,,,,,
HI,ES,2020,Quarter,3,OTB_DEF_>=70_0_0,Div,27.8.a,NA,kWd,147364.2,NA,,,,,,,,,,,,,,,,,,,,,
SI,ES,2020,Quarter,3,OTB_DEF_>=70_0_0,Div,27.8.a,NA,HOM,NA,L,R,NA,H,M,NA,t,90.717,90.717,-9,NA,NA,NA,,,,,,,,,
HI,ES,2020,Quarter,4,OTB_DEF_>=70_0_0,Div,27.8.a,NA,kWd,140719.68,NA,,,,,,,,,,,,,,,,,,,,,
SI,ES,2020,Quarter,4,OTB_DEF_>=70_0_0,Div,27.8.a,NA,HOM,NA,L,R,NA,H,M,NA,t,67.606,67.606,-9,NA,NA,NA,,,,,,,,,
HI,ES,2020,Quarter,1,OTB_DEF_>=70_0_0,Div,27.8.b,NA,kWd,8903.4,NA,,,,,,,,,,,,,,,,,,,,,
SI,ES,2020,Quarter,1,OTB_DEF_>=70_0_0,Div,27.8.b,NA,HOM,NA,L,R,NA,H,M,NA,t,0.56,0.56,-9,NA,NA,NA,,,,,,,,,
HI,ES,2020,Quarter,2,OTB_DEF_>=70_0_0,Div,27.8.b,NA,kWd,0,NA,,,,,,,,,,,,,,,,,,,,,
SI,ES,2020,Quarter,2,OTB_DEF_>=70_0_0,Div,27.8.b,NA,HOM,NA,L,R,NA,H,M,NA,t,0,0,-9,NA,NA,NA,,,,,,,,,
HI,ES,2020,Quarter,3,OTB_DEF_>=70_0_0,Div,27.8.b,NA,kWd,0,NA,,,,,,,,,,,,,,,,,,,,,
SI,ES,2020,Quarter,3,OTB_DEF_>=70_0_0,Div,27.8.b,NA,HOM,NA,L,R,NA,H,M,NA,t,0,0,-9,NA,NA,NA,,,,,,,,,
HI,ES,2020,Quarter,4,OTB_DEF_>=70_0_0,Div,27.8.b,NA,kWd,1618.8,NA,,,,,,,,,,,,,,,,,,,,,
SI,ES,2020,Quarter,4,OTB_DEF_>=70_0_0,Div,27.8.b,NA,HOM,NA,L,R,NA,H,M,NA,t,0.25,0.25,-9,NA,NA,NA,,,,,,,,,
HI,ES,2020,Quarter,1,PS_SPF_0_0_0,Div,27.8.b,NA,kWd,1469.44,NA,,,,,,,,,,,,,,,,,,,,,
SI,ES,2020,Quarter,1,PS_SPF_0_0_0,Div,27.8.b,NA,HOM,NA,L,R,NA,H,M,NA,t,8.082,8.082,-9,NA,NA,NA,,,,,,,,,
SD,ES,2020,Quarter,1,PS_SPF_0_0_0,Div,27.8.b,NA,HOM,NA,L,R,N,lngt,28,-9,100,1,95,-9,-9,kg,k,cm,cm,NA,0.847,0.197,28,-9,-9,-9
SD,ES,2020,Quarter,1,PS_SPF_0_0_0,Div,27.8.b,NA,HOM,NA,L,R,N,lngt,29,-9,100,1,95,-9,-9,kg,k,cm,cm,NA,1.13,0.218,29,-9,-9,-9
SD,ES,2020,Quarter,1,PS_SPF_0_0_0,Div,27.8.b,NA,HOM,NA,L,R,N,lngt,30,-9,100,1,95,-9,-9,kg,k,cm,cm,NA,2.824,0.241,30,-9,-9,-9
SD,ES,2020,Quarter,1,PS_SPF_0_0_0,Div,27.8.b,NA,HOM,NA,L,R,N,lngt,31,-9,100,1,95,-9,-9,kg,k,cm,cm,NA,5.649,0.266,31,-9,-9,-9
SD,ES,2020,Quarter,1,PS_SPF_0_0_0,Div,27.8.b,NA,HOM,NA,L,R,N,lngt,32,-9,100,1,95,-9,-9,kg,k,cm,cm,NA,5.366,0.292,32,-9,-9,-9
SD,ES,2020,Quarter,1,PS_SPF_0_0_0,Div,27.8.b,NA,HOM,NA,L,R,N,lngt,33,-9,100,1,95,-9,-9,kg,k,cm,cm,NA,4.519,0.32,33,-9,-9,-9
SD,ES,2020,Quarter,1,PS_SPF_0_0_0,Div,27.8.b,NA,HOM,NA,L,R,N,lngt,34,-9,100,1,95,-9,-9,kg,k,cm,cm,NA,2.824,0.35,34,-9,-9,-9
SD,ES,2020,Quarter,1,PS_SPF_0_0_0,Div,27.8.b,NA,HOM,NA,L,R,N,lngt,35,-9,100,1,95,-9,-9,kg,k,cm,cm,NA,1.695,0.381,35,-9,-9,-9
SD,ES,2020,Quarter,1,PS_SPF_0_0_0,Div,27.8.b,NA,HOM,NA,L,R,N,lngt,36,-9,100,1,95,-9,-9,kg,k,cm,cm,NA,1.412,0.414,36,-9,-9,-9
SD,ES,2020,Quarter,1,PS_SPF_0_0_0,Div,27.8.b,NA,HOM,NA,L,R,N,lngt,37,-9,100,1,95,-9,-9,kg,k,cm,cm,NA,0.565,0.45,37,-9,-9,-9
HI,ES,2020,Quarter,2,PS_SPF_0_0_0,Div,27.8.b,NA,kWd,0,NA,,,,,,,,,,,,,,,,,,,,,
SI,ES,2020,Quarter,2,PS_SPF_0_0_0,Div,27.8.b,NA,HOM,NA,L,R,NA,H,M,NA,t,0,0,-9,NA,NA,NA,,,,,,,,,
HI,ES,2020,Quarter,3,PS_SPF_0_0_0,Div,27.8.b,NA,kWd,0,NA,,,,,,,,,,,,,,,,,,,,,
SI,ES,2020,Quarter,3,PS_SPF_0_0_0,Div,27.8.b,NA,HOM,NA,L,R,NA,H,M,NA,t,0,0,-9,NA,NA,NA,,,,,,,,,
HI,ES,2020,Quarter,4,PS_SPF_0_0_0,Div,27.8.b,NA,kWd,4795.38,NA,,,,,,,,,,,,,,,,,,,,,
SI,ES,2020,Quarter,4,PS_SPF_0_0_0,Div,27.8.b,NA,HOM,NA,L,R,NA,H,M,NA,t,10.366,10.366,-9,NA,NA,NA,,,,,,,,,
HI,ES,2020,Quarter,1,GNS_DEF_120-219_0_0,SubDiv,27.7.j.2,NA,kWd,5033.01,NA,,,,,,,,,,,,,,,,,,,,,
SI,ES,2020,Quarter,1,GNS_DEF_120-219_0_0,SubDiv,27.7.j.2,NA,,NA,L,R,NA,H,M,NA,t,0,0,-9,NA,NA,NA,,,,,,,,,
HI,ES,2020,Quarter,2,GNS_DEF_120-219_0_0,SubDiv,27.7.j.2,NA,kWd,25132.08,NA,,,,,,,,,,,,,,,,,,,,,
SI,ES,2020,Quarter,2,GNS_DEF_120-219_0_0,SubDiv,27.7.j.2,NA,HOM,NA,L,R,NA,H,M,NA,t,0.105,0.105,-9,NA,NA,NA,,,,,,,,,
HI,ES,2020,Quarter,3,GNS_DEF_120-219_0_0,SubDiv,27.7.j.2,NA,kWd,29861.95,NA,,,,,,,,,,,,,,,,,,,,,
SI,ES,2020,Quarter,3,GNS_DEF_120-219_0_0,SubDiv,27.7.j.2,NA,HOM,NA,L,R,NA,H,M,NA,t,0,0,-9,NA,NA,NA,,,,,,,,,
HI,ES,2020,Quarter,4,GNS_DEF_120-219_0_0,SubDiv,27.7.j.2,NA,kWd,24256.55,NA,,,,,,,,,,,,,,,,,,,,,
SI,ES,2020,Quarter,4,GNS_DEF_120-219_0_0,SubDiv,27.7.j.2,NA,HOM,NA,L,R,NA,H,M,NA,t,0,0,-9,NA,NA,NA,,,,,,,,,
HI,ES,2020,Quarter,1,OTB_DEF_70-99_0_0,Div,27.7.b,NA,kWd,0,NA,,,,,,,,,,,,,,,,,,,,,
SI,ES,2020,Quarter,1,OTB_DEF_70-99_0_0,Div,27.7.b,NA,HOM,NA,L,R,NA,H,M,NA,t,0,0,-9,NA,NA,NA,,,,,,,,,
HI,ES,2020,Quarter,2,OTB_DEF_70-99_0_0,Div,27.7.b,NA,kWd,12957.96,NA,,,,,,,,,,,,,,,,,,,,,
SI,ES,2020,Quarter,2,OTB_DEF_70-99_0_0,Div,27.7.b,NA,HOM,NA,L,R,NA,H,M,NA,t,0,0,-9,NA,NA,NA,,,,,,,,,
HI,ES,2020,Quarter,3,OTB_DEF_70-99_0_0,Div,27.7.b,NA,kWd,55628.08,NA,,,,,,,,,,,,,,,,,,,,,
SI,ES,2020,Quarter,3,OTB_DEF_70-99_0_0,Div,27.7.b,NA,HOM,NA,L,R,NA,H,M,NA,t,0,0,-9,NA,NA,NA,,,,,,,,,
HI,ES,2020,Quarter,4,OTB_DEF_70-99_0_0,Div,27.7.b,NA,kWd,68511.07,NA,,,,,,,,,,,,,,,,,,,,,
SI,ES,2020,Quarter,4,OTB_DEF_70-99_0_0,Div,27.7.b,NA,HOM,NA,L,R,NA,H,M,NA,t,0.204,0.204,-9,NA,NA,NA,,,,,,,,,
HI,ES,2020,Quarter,1,OTB_DEF_70-99_0_0,SubDiv,27.7.c.2,NA,kWd,23344.98,NA,,,,,,,,,,,,,,,,,,,,,
SI,ES,2020,Quarter,1,OTB_DEF_70-99_0_0,SubDiv,27.7.c.2,NA,HOM,NA,L,R,NA,H,M,NA,t,0,0,-9,NA,NA,NA,,,,,,,,,
HI,ES,2020,Quarter,2,OTB_DEF_70-99_0_0,SubDiv,27.7.c.2,NA,kWd,90582.92,NA,,,,,,,,,,,,,,,,,,,,,
SI,ES,2020,Quarter,2,OTB_DEF_70-99_0_0,SubDiv,27.7.c.2,NA,HOM,NA,L,R,NA,H,M,NA,t,0,0,-9,NA,NA,NA,,,,,,,,,
HI,ES,2020,Quarter,3,OTB_DEF_70-99_0_0,SubDiv,27.7.c.2,NA,kWd,168278.14,NA,,,,,,,,,,,,,,,,,,,,,
SI,ES,2020,Quarter,3,OTB_DEF_70-99_0_0,SubDiv,27.7.c.2,NA,HOM,NA,L,R,NA,H,M,NA,t,0.729,0.729,-9,NA,NA,NA,,,,,,,,,
HI,ES,2020,Quarter,4,OTB_DEF_70-99_0_0,SubDiv,27.7.c.2,NA,kWd,46087.28,NA,,,,,,,,,,,,,,,,,,,,,
SI,ES,2020,Quarter,4,OTB_DEF_70-99_0_0,SubDiv,27.7.c.2,NA,HOM,NA,L,R,NA,H,M,NA,t,0,0,-9,NA,NA,NA,,,,,,,,,
HI,ES,2020,Quarter,1,OTB_DEF_70-99_0_0,SubDiv,27.7.j.2,NA,kWd,427305.4,NA,,,,,,,,,,,,,,,,,,,,,
SI,ES,2020,Quarter,1,OTB_DEF_70-99_0_0,SubDiv,27.7.j.2,NA,HOM,NA,L,R,NA,H,M,NA,t,0.028,0.028,-9,NA,NA,NA,,,,,,,,,
HI,ES,2020,Quarter,2,OTB_DEF_70-99_0_0,SubDiv,27.7.j.2,NA,kWd,312330.47,NA,,,,,,,,,,,,,,,,,,,,,
SI,ES,2020,Quarter,2,OTB_DEF_70-99_0_0,SubDiv,27.7.j.2,NA,HOM,NA,L,R,NA,H,M,NA,t,4.508,4.508,-9,NA,NA,NA,,,,,,,,,
HI,ES,2020,Quarter,3,OTB_DEF_70-99_0_0,SubDiv,27.7.j.2,NA,kWd,206828.45,NA,,,,,,,,,,,,,,,,,,,,,
SI,ES,2020,Quarter,3,OTB_DEF_70-99_0_0,SubDiv,27.7.j.2,NA,HOM,NA,L,R,NA,H,M,NA,t,0.462,0.462,-9,NA,NA,NA,,,,,,,,,
HI,ES,2020,Quarter,4,OTB_DEF_70-99_0_0,SubDiv,27.7.j.2,NA,kWd,358787.18,NA,,,,,,,,,,,,,,,,,,,,,
SI,ES,2020,Quarter,4,OTB_DEF_70-99_0_0,SubDiv,27.7.j.2,NA,HOM,NA,L,R,NA,H,M,NA,t,0,0,-9,NA,NA,NA,,,,,,,,,
HI,ES,2020,Quarter,1,GNS_DEF_>=100_0_0,SubDiv,27.8.c.e,NA,kWd,12111.29,NA,,,,,,,,,,,,,,,,,,,,,
SI,ES,2020,Quarter,1,GNS_DEF_>=100_0_0,SubDiv,27.8.c.e,NA,HOM,NA,L,R,NA,H,M,NA,t,0.005,0.005,-9,NA,NA,NA,,,,,,,,,
HI,ES,2020,Quarter,2,GNS_DEF_>=100_0_0,SubDiv,27.8.c.e,NA,kWd,8416.15,NA,,,,,,,,,,,,,,,,,,,,,
SI,ES,2020,Quarter,2,GNS_DEF_>=100_0_0,SubDiv,27.8.c.e,NA,HOM,NA,L,R,NA,H,M,NA,t,0.07,0.07,-9,NA,NA,NA,,,,,,,,,
HI,ES,2020,Quarter,3,GNS_DEF_>=100_0_0,SubDiv,27.8.c.e,NA,kWd,1077.95,NA,,,,,,,,,,,,,,,,,,,,,
SI,ES,2020,Quarter,3,GNS_DEF_>=100_0_0,SubDiv,27.8.c.e,NA,HOM,NA,L,R,NA,H,M,NA,t,0,0,-9,NA,NA,NA,,,,,,,,,
HI,ES,2020,Quarter,4,GNS_DEF_>=100_0_0,SubDiv,27.8.c.e,NA,kWd,12000.71,NA,,,,,,,,,,,,,,,,,,,,,
SI,ES,2020,Quarter,4,GNS_DEF_>=100_0_0,SubDiv,27.8.c.e,NA,HOM,NA,L,R,NA,H,M,NA,t,0,0,-9,NA,NA,NA,,,,,,,,,
HI,ES,2020,Quarter,1,GNS_DEF_>=100_0_0,SubDiv,27.8.c.w,NA,kWd,3752.7,NA,,,,,,,,,,,,,,,,,,,,,
SI,ES,2020,Quarter,1,GNS_DEF_>=100_0_0,SubDiv,27.8.c.w,NA,HOM,NA,L,R,NA,H,M,NA,t,0,0,-9,NA,NA,NA,,,,,,,,,
HI,ES,2020,Quarter,2,GNS_DEF_>=100_0_0,SubDiv,27.8.c.w,NA,kWd,4116.81,NA,,,,,,,,,,,,,,,,,,,,,
SI,ES,2020,Quarter,2,GNS_DEF_>=100_0_0,SubDiv,27.8.c.w,NA,HOM,NA,L,R,NA,H,M,NA,t,0.006,0.006,-9,NA,NA,NA,,,,,,,,,
HI,ES,2020,Quarter,3,GNS_DEF_>=100_0_0,SubDiv,27.8.c.w,NA,kWd,4873.3,NA,,,,,,,,,,,,,,,,,,,,,
SI,ES,2020,Quarter,3,GNS_DEF_>=100_0_0,SubDiv,27.8.c.w,NA,HOM,NA,L,R,NA,H,M,NA,t,0,0,-9,NA,NA,NA,,,,,,,,,
HI,ES,2020,Quarter,4,GNS_DEF_>=100_0_0,SubDiv,27.8.c.w,NA,kWd,97.86,NA,,,,,,,,,,,,,,,,,,,,,
SI,ES,2020,Quarter,4,GNS_DEF_>=100_0_0,SubDiv,27.8.c.w,NA,HOM,NA,L,R,NA,H,M,NA,t,0,0,-9,NA,NA,NA,,,,,,,,,
HI,ES,2020,Quarter,1,GNS_DEF_60-79_0_0,SubDiv,27.8.c.e,NA,kWd,38444.83,NA,,,,,,,,,,,,,,,,,,,,,
SI,ES,2020,Quarter,1,GNS_DEF_60-79_0_0,SubDiv,27.8.c.e,NA,HOM,NA,L,R,NA,H,M,NA,t,1.73,1.73,-9,NA,NA,NA,,,,,,,,,
SD,ES,2020,Quarter,1,GNS_DEF_60-79_0_0,SubDiv,27.8.c.e,NA,HOM,NA,L,R,N,lngt,27,-9,100,2,25,-9,-9,kg,k,cm,cm,NA,0.469,0.177,27,-9,-9,-9
SD,ES,2020,Quarter,1,GNS_DEF_60-79_0_0,SubDiv,27.8.c.e,NA,HOM,NA,L,R,N,lngt,28,-9,100,2,25,-9,-9,kg,k,cm,cm,NA,0.446,0.197,28,-9,-9,-9
SD,ES,2020,Quarter,1,GNS_DEF_60-79_0_0,SubDiv,27.8.c.e,NA,HOM,NA,L,R,N,lngt,29,-9,100,2,25,-9,-9,kg,k,cm,cm,NA,0.223,0.218,29,-9,-9,-9
SD,ES,2020,Quarter,1,GNS_DEF_60-79_0_0,SubDiv,27.8.c.e,NA,HOM,NA,L,R,N,lngt,30,-9,100,2,25,-9,-9,kg,k,cm,cm,NA,0.469,0.241,30,-9,-9,-9
SD,ES,2020,Quarter,1,GNS_DEF_60-79_0_0,SubDiv,27.8.c.e,NA,HOM,NA,L,R,N,lngt,31,-9,100,2,25,-9,-9,kg,k,cm,cm,NA,0.246,0.266,31,-9,-9,-9
SD,ES,2020,Quarter,1,GNS_DEF_60-79_0_0,SubDiv,27.8.c.e,NA,HOM,NA,L,R,N,lngt,32,-9,100,2,25,-9,-9,kg,k,cm,cm,NA,1.655,0.292,32,-9,-9,-9
SD,ES,2020,Quarter,1,GNS_DEF_60-79_0_0,SubDiv,27.8.c.e,NA,HOM,NA,L,R,N,lngt,33,-9,100,2,25,-9,-9,kg,k,cm,cm,NA,1.209,0.32,33,-9,-9,-9
SD,ES,2020,Quarter,1,GNS_DEF_60-79_0_0,SubDiv,27.8.c.e,NA,HOM,NA,L,R,N,lngt,34,-9,100,2,25,-9,-9,kg,k,cm,cm,NA,0.246,0.35,34,-9,-9,-9
SD,ES,2020,Quarter,1,GNS_DEF_60-79_0_0,SubDiv,27.8.c.e,NA,HOM,NA,L,R,N,lngt,35,-9,100,2,25,-9,-9,kg,k,cm,cm,NA,0.986,0.381,35,-9,-9,-9
HI,ES,2020,Quarter,2,GNS_DEF_60-79_0_0,SubDiv,27.8.c.e,NA,kWd,27399.79,NA,,,,,,,,,,,,,,,,,,,,,
SI,ES,2020,Quarter,2,GNS_DEF_60-79_0_0,SubDiv,27.8.c.e,NA,HOM,NA,L,R,NA,H,M,NA,t,18.857,18.857,-9,NA,NA,NA,,,,,,,,,
HI,ES,2020,Quarter,3,GNS_DEF_60-79_0_0,SubDiv,27.8.c.e,NA,kWd,54275.48,NA,,,,,,,,,,,,,,,,,,,,,
SI,ES,2020,Quarter,3,GNS_DEF_60-79_0_0,SubDiv,27.8.c.e,NA,HOM,NA,L,R,NA,H,M,NA,t,4.72,4.72,-9,NA,NA,NA,,,,,,,,,
HI,ES,2020,Quarter,4,GNS_DEF_60-79_0_0,SubDiv,27.8.c.e,NA,kWd,69060.27,NA,,,,,,,,,,,,,,,,,,,,,
SI,ES,2020,Quarter,4,GNS_DEF_60-79_0_0,SubDiv,27.8.c.e,NA,HOM,NA,L,R,NA,H,M,NA,t,2.948,2.948,-9,NA,NA,NA,,,,,,,,,
HI,ES,2020,Quarter,1,GNS_DEF_60-79_0_0,SubDiv,27.8.c.w,NA,kWd,97260.29,NA,,,,,,,,,,,,,,,,,,,,,
SI,ES,2020,Quarter,1,GNS_DEF_60-79_0_0,SubDiv,27.8.c.w,NA,HOM,NA,L,R,NA,H,M,NA,t,12.81,12.81,-9,NA,NA,NA,,,,,,,,,
HI,ES,2020,Quarter,2,GNS_DEF_60-79_0_0,SubDiv,27.8.c.w,NA,kWd,57514.32,NA,,,,,,,,,,,,,,,,,,,,,
SI,ES,2020,Quarter,2,GNS_DEF_60-79_0_0,SubDiv,27.8.c.w,NA,HOM,NA,L,R,NA,H,M,NA,t,16.684,16.684,-9,NA,NA,NA,,,,,,,,,
HI,ES,2020,Quarter,3,GNS_DEF_60-79_0_0,SubDiv,27.8.c.w,NA,kWd,64606.59,NA,,,,,,,,,,,,,,,,,,,,,
SI,ES,2020,Quarter,3,GNS_DEF_60-79_0_0,SubDiv,27.8.c.w,NA,HOM,NA,L,R,NA,H,M,NA,t,14.811,14.811,-9,NA,NA,NA,,,,,,,,,
HI,ES,2020,Quarter,4,GNS_DEF_60-79_0_0,SubDiv,27.8.c.w,NA,kWd,56428.35,NA,,,,,,,,,,,,,,,,,,,,,
SI,ES,2020,Quarter,4,GNS_DEF_60-79_0_0,SubDiv,27.8.c.w,NA,HOM,NA,L,R,NA,H,M,NA,t,10.589,10.589,-9,NA,NA,NA,,,,,,,,,
HI,ES,2020,Quarter,1,GNS_DEF_80-99_0_0,SubDiv,27.8.c.e,NA,kWd,71750.77,NA,,,,,,,,,,,,,,,,,,,,,
SI,ES,2020,Quarter,1,GNS_DEF_80-99_0_0,SubDiv,27.8.c.e,NA,HOM,NA,L,R,NA,H,M,NA,t,17.787,17.787,-9,NA,NA,NA,,,,,,,,,
HI,ES,2020,Quarter,2,GNS_DEF_80-99_0_0,SubDiv,27.8.c.e,NA,kWd,40598.49,NA,,,,,,,,,,,,,,,,,,,,,
SI,ES,2020,Quarter,2,GNS_DEF_80-99_0_0,SubDiv,27.8.c.e,NA,HOM,NA,L,R,NA,H,M,NA,t,35.374,35.374,-9,NA,NA,NA,,,,,,,,,
HI,ES,2020,Quarter,3,GNS_DEF_80-99_0_0,SubDiv,27.8.c.e,NA,kWd,58357.55,NA,,,,,,,,,,,,,,,,,,,,,
SI,ES,2020,Quarter,3,GNS_DEF_80-99_0_0,SubDiv,27.8.c.e,NA,HOM,NA,L,R,NA,H,M,NA,t,6.182,6.182,-9,NA,NA,NA,,,,,,,,,
HI,ES,2020,Quarter,4,GNS_DEF_80-99_0_0,SubDiv,27.8.c.e,NA,kWd,102535.76,NA,,,,,,,,,,,,,,,,,,,,,
SI,ES,2020,Quarter,4,GNS_DEF_80-99_0_0,SubDiv,27.8.c.e,NA,HOM,NA,L,R,NA,H,M,NA,t,6.712,6.712,-9,NA,NA,NA,,,,,,,,,
SD,ES,2020,Quarter,4,GNS_DEF_80-99_0_0,SubDiv,27.8.c.e,NA,HOM,NA,L,R,N,lngt,22,-9,100,2,59,-9,-9,kg,k,cm,cm,NA,0.321,0.097,22,-9,-9,-9
SD,ES,2020,Quarter,4,GNS_DEF_80-99_0_0,SubDiv,27.8.c.e,NA,HOM,NA,L,R,N,lngt,23,-9,100,2,59,-9,-9,kg,k,cm,cm,NA,0.643,0.11,23,-9,-9,-9
SD,ES,2020,Quarter,4,GNS_DEF_80-99_0_0,SubDiv,27.8.c.e,NA,HOM,NA,L,R,N,lngt,24,-9,100,2,59,-9,-9,kg,k,cm,cm,NA,0.643,0.125,24,-9,-9,-9
SD,ES,2020,Quarter,4,GNS_DEF_80-99_0_0,SubDiv,27.8.c.e,NA,HOM,NA,L,R,N,lngt,25,-9,100,2,59,-9,-9,kg,k,cm,cm,NA,0.964,0.141,25,-9,-9,-9
SD,ES,2020,Quarter,4,GNS_DEF_80-99_0_0,SubDiv,27.8.c.e,NA,HOM,NA,L,R,N,lngt,27,-9,100,2,59,-9,-9,kg,k,cm,cm,NA,3.215,0.177,27,-9,-9,-9
SD,ES,2020,Quarter,4,GNS_DEF_80-99_0_0,SubDiv,27.8.c.e,NA,HOM,NA,L,R,N,lngt,28,-9,100,2,59,-9,-9,kg,k,cm,cm,NA,1.286,0.197,28,-9,-9,-9
SD,ES,2020,Quarter,4,GNS_DEF_80-99_0_0,SubDiv,27.8.c.e,NA,HOM,NA,L,R,N,lngt,29,-9,100,2,59,-9,-9,kg,k,cm,cm,NA,0.964,0.218,29,-9,-9,-9
SD,ES,2020,Quarter,4,GNS_DEF_80-99_0_0,SubDiv,27.8.c.e,NA,HOM,NA,L,R,N,lngt,30,-9,100,2,59,-9,-9,kg,k,cm,cm,NA,2.893,0.241,30,-9,-9,-9
SD,ES,2020,Quarter,4,GNS_DEF_80-99_0_0,SubDiv,27.8.c.e,NA,HOM,NA,L,R,N,lngt,31,-9,100,2,59,-9,-9,kg,k,cm,cm,NA,0.643,0.266,31,-9,-9,-9
SD,ES,2020,Quarter,4,GNS_DEF_80-99_0_0,SubDiv,27.8.c.e,NA,HOM,NA,L,R,N,lngt,32,-9,100,2,59,-9,-9,kg,k,cm,cm,NA,0.321,0.292,32,-9,-9,-9
SD,ES,2020,Quarter,4,GNS_DEF_80-99_0_0,SubDiv,27.8.c.e,NA,HOM,NA,L,R,N,lngt,33,-9,100,2,59,-9,-9,kg,k,cm,cm,NA,0.643,0.32,33,-9,-9,-9
SD,ES,2020,Quarter,4,GNS_DEF_80-99_0_0,SubDiv,27.8.c.e,NA,HOM,NA,L,R,N,lngt,34,-9,100,2,59,-9,-9,kg,k,cm,cm,NA,0.643,0.35,34,-9,-9,-9
SD,ES,2020,Quarter,4,GNS_DEF_80-99_0_0,SubDiv,27.8.c.e,NA,HOM,NA,L,R,N,lngt,36,-9,100,2,59,-9,-9,kg,k,cm,cm,NA,0.321,0.414,36,-9,-9,-9
SD,ES,2020,Quarter,4,GNS_DEF_80-99_0_0,SubDiv,27.8.c.e,NA,HOM,NA,L,R,N,lngt,41,-9,100,2,59,-9,-9,kg,k,cm,cm,NA,1.286,0.61,41,-9,-9,-9
SD,ES,2020,Quarter,4,GNS_DEF_80-99_0_0,SubDiv,27.8.c.e,NA,HOM,NA,L,R,N,lngt,42,-9,100,2,59,-9,-9,kg,k,cm,cm,NA,0.964,0.655,42,-9,-9,-9
SD,ES,2020,Quarter,4,GNS_DEF_80-99_0_0,SubDiv,27.8.c.e,NA,HOM,NA,L,R,N,lngt,43,-9,100,2,59,-9,-9,kg,k,cm,cm,NA,0.643,0.703,43,-9,-9,-9
SD,ES,2020,Quarter,4,GNS_DEF_80-99_0_0,SubDiv,27.8.c.e,NA,HOM,NA,L,R,N,lngt,44,-9,100,2,59,-9,-9,kg,k,cm,cm,NA,1.929,0.752,44,-9,-9,-9
SD,ES,2020,Quarter,4,GNS_DEF_80-99_0_0,SubDiv,27.8.c.e,NA,HOM,NA,L,R,N,lngt,45,-9,100,2,59,-9,-9,kg,k,cm,cm,NA,0.643,0.805,45,-9,-9,-9
HI,ES,2020,Quarter,1,GNS_DEF_80-99_0_0,SubDiv,27.8.c.w,NA,kWd,131360.64,NA,,,,,,,,,,,,,,,,,,,,,
SI,ES,2020,Quarter,1,GNS_DEF_80-99_0_0,SubDiv,27.8.c.w,NA,HOM,NA,L,R,NA,H,M,NA,t,66.64,66.64,-9,NA,NA,NA,,,,,,,,,
HI,ES,2020,Quarter,2,GNS_DEF_80-99_0_0,SubDiv,27.8.c.w,NA,kWd,74746.33,NA,,,,,,,,,,,,,,,,,,,,,
SI,ES,2020,Quarter,2,GNS_DEF_80-99_0_0,SubDiv,27.8.c.w,NA,HOM,NA,L,R,NA,H,M,NA,t,37.684,37.684,-9,NA,NA,NA,,,,,,,,,
HI,ES,2020,Quarter,3,GNS_DEF_80-99_0_0,SubDiv,27.8.c.w,NA,kWd,62537.99,NA,,,,,,,,,,,,,,,,,,,,,
SI,ES,2020,Quarter,3,GNS_DEF_80-99_0_0,SubDiv,27.8.c.w,NA,HOM,NA,L,R,NA,H,M,NA,t,27.923,27.923,-9,NA,NA,NA,,,,,,,,,
SD,ES,2020,Quarter,3,GNS_DEF_80-99_0_0,SubDiv,27.8.c.w,NA,HOM,NA,L,R,N,lngt,21,-9,100,2,63,-9,-9,kg,k,cm,cm,NA,14.306,0.084,21,-9,-9,-9
SD,ES,2020,Quarter,3,GNS_DEF_80-99_0_0,SubDiv,27.8.c.w,NA,HOM,NA,L,R,N,lngt,22,-9,100,2,63,-9,-9,kg,k,cm,cm,NA,27.049,0.097,22,-9,-9,-9
SD,ES,2020,Quarter,3,GNS_DEF_80-99_0_0,SubDiv,27.8.c.w,NA,HOM,NA,L,R,N,lngt,23,-9,100,2,63,-9,-9,kg,k,cm,cm,NA,30.189,0.11,23,-9,-9,-9
SD,ES,2020,Quarter,3,GNS_DEF_80-99_0_0,SubDiv,27.8.c.w,NA,HOM,NA,L,R,N,lngt,24,-9,100,2,63,-9,-9,kg,k,cm,cm,NA,22.305,0.125,24,-9,-9,-9
SD,ES,2020,Quarter,3,GNS_DEF_80-99_0_0,SubDiv,27.8.c.w,NA,HOM,NA,L,R,N,lngt,25,-9,100,2,63,-9,-9,kg,k,cm,cm,NA,6.384,0.141,25,-9,-9,-9
SD,ES,2020,Quarter,3,GNS_DEF_80-99_0_0,SubDiv,27.8.c.w,NA,HOM,NA,L,R,N,lngt,26,-9,100,2,63,-9,-9,kg,k,cm,cm,NA,1.602,0.158,26,-9,-9,-9
SD,ES,2020,Quarter,3,GNS_DEF_80-99_0_0,SubDiv,27.8.c.w,NA,HOM,NA,L,R,N,lngt,27,-9,100,2,63,-9,-9,kg,k,cm,cm,NA,3.179,0.177,27,-9,-9,-9
SD,ES,2020,Quarter,3,GNS_DEF_80-99_0_0,SubDiv,27.8.c.w,NA,HOM,NA,L,R,N,lngt,28,-9,100,2,63,-9,-9,kg,k,cm,cm,NA,1.602,0.197,28,-9,-9,-9
SD,ES,2020,Quarter,3,GNS_DEF_80-99_0_0,SubDiv,27.8.c.w,NA,HOM,NA,L,R,N,lngt,29,-9,100,2,63,-9,-9,kg,k,cm,cm,NA,6.384,0.218,29,-9,-9,-9
SD,ES,2020,Quarter,3,GNS_DEF_80-99_0_0,SubDiv,27.8.c.w,NA,HOM,NA,L,R,N,lngt,30,-9,100,2,63,-9,-9,kg,k,cm,cm,NA,7.961,0.241,30,-9,-9,-9
SD,ES,2020,Quarter,3,GNS_DEF_80-99_0_0,SubDiv,27.8.c.w,NA,HOM,NA,L,R,N,lngt,31,-9,100,2,63,-9,-9,kg,k,cm,cm,NA,11.127,0.266,31,-9,-9,-9
SD,ES,2020,Quarter,3,GNS_DEF_80-99_0_0,SubDiv,27.8.c.w,NA,HOM,NA,L,R,N,lngt,32,-9,100,2,63,-9,-9,kg,k,cm,cm,NA,19.088,0.292,32,-9,-9,-9
SD,ES,2020,Quarter,3,GNS_DEF_80-99_0_0,SubDiv,27.8.c.w,NA,HOM,NA,L,R,N,lngt,33,-9,100,2,63,-9,-9,kg,k,cm,cm,NA,4.782,0.32,33,-9,-9,-9
SD,ES,2020,Quarter,3,GNS_DEF_80-99_0_0,SubDiv,27.8.c.w,NA,HOM,NA,L,R,N,lngt,35,-9,100,2,63,-9,-9,kg,k,cm,cm,NA,1.602,0.381,35,-9,-9,-9
SD,ES,2020,Quarter,3,GNS_DEF_80-99_0_0,SubDiv,27.8.c.w,NA,HOM,NA,L,R,N,lngt,36,-9,100,2,63,-9,-9,kg,k,cm,cm,NA,4.782,0.414,36,-9,-9,-9
HI,ES,2020,Quarter,4,GNS_DEF_80-99_0_0,SubDiv,27.8.c.w,NA,kWd,100786.15,NA,,,,,,,,,,,,,,,,,,,,,
SI,ES,2020,Quarter,4,GNS_DEF_80-99_0_0,SubDiv,27.8.c.w,NA,HOM,NA,L,R,NA,H,M,NA,t,47.256,47.256,-9,NA,NA,NA,,,,,,,,,
SD,ES,2020,Quarter,4,GNS_DEF_80-99_0_0,SubDiv,27.8.c.w,NA,HOM,NA,L,R,N,lngt,23,-9,100,1,54,-9,-9,kg,k,cm,cm,NA,5.698,0.11,23,-9,-9,-9
SD,ES,2020,Quarter,4,GNS_DEF_80-99_0_0,SubDiv,27.8.c.w,NA,HOM,NA,L,R,N,lngt,24,-9,100,1,54,-9,-9,kg,k,cm,cm,NA,51.285,0.125,24,-9,-9,-9
SD,ES,2020,Quarter,4,GNS_DEF_80-99_0_0,SubDiv,27.8.c.w,NA,HOM,NA,L,R,N,lngt,25,-9,100,1,54,-9,-9,kg,k,cm,cm,NA,45.586,0.141,25,-9,-9,-9
SD,ES,2020,Quarter,4,GNS_DEF_80-99_0_0,SubDiv,27.8.c.w,NA,HOM,NA,L,R,N,lngt,26,-9,100,1,54,-9,-9,kg,k,cm,cm,NA,142.457,0.158,26,-9,-9,-9
SD,ES,2020,Quarter,4,GNS_DEF_80-99_0_0,SubDiv,27.8.c.w,NA,HOM,NA,L,R,N,lngt,27,-9,100,1,54,-9,-9,kg,k,cm,cm,NA,51.285,0.177,27,-9,-9,-9
SD,ES,2020,Quarter,4,GNS_DEF_80-99_0_0,SubDiv,27.8.c.w,NA,HOM,NA,L,R,N,lngt,28,-9,100,1,54,-9,-9,kg,k,cm,cm,NA,11.397,0.197,28,-9,-9,-9
HI,ES,2020,Quarter,1,GTR_DEF_60-79_0_0,SubDiv,27.8.c.e,NA,kWd,27769.62,NA,,,,,,,,,,,,,,,,,,,,,
SI,ES,2020,Quarter,1,GTR_DEF_60-79_0_0,SubDiv,27.8.c.e,NA,HOM,NA,L,R,NA,H,M,NA,t,1.274,1.274,-9,NA,NA,NA,,,,,,,,,
HI,ES,2020,Quarter,2,GTR_DEF_60-79_0_0,SubDiv,27.8.c.e,NA,kWd,64415.1,NA,,,,,,,,,,,,,,,,,,,,,
SI,ES,2020,Quarter,2,GTR_DEF_60-79_0_0,SubDiv,27.8.c.e,NA,HOM,NA,L,R,NA,H,M,NA,t,29.934,29.934,-9,NA,NA,NA,,,,,,,,,
HI,ES,2020,Quarter,3,GTR_DEF_60-79_0_0,SubDiv,27.8.c.e,NA,kWd,33750.09,NA,,,,,,,,,,,,,,,,,,,,,
SI,ES,2020,Quarter,3,GTR_DEF_60-79_0_0,SubDiv,27.8.c.e,NA,HOM,NA,L,R,NA,H,M,NA,t,0.739,0.739,-9,NA,NA,NA,,,,,,,,,
HI,ES,2020,Quarter,4,GTR_DEF_60-79_0_0,SubDiv,27.8.c.e,NA,kWd,25382.68,NA,,,,,,,,,,,,,,,,,,,,,
SI,ES,2020,Quarter,4,GTR_DEF_60-79_0_0,SubDiv,27.8.c.e,NA,HOM,NA,L,R,NA,H,M,NA,t,0.364,0.364,-9,NA,NA,NA,,,,,,,,,
HI,ES,2020,Quarter,1,GTR_DEF_60-79_0_0,SubDiv,27.8.c.w,NA,kWd,53890.19,NA,,,,,,,,,,,,,,,,,,,,,
SI,ES,2020,Quarter,1,GTR_DEF_60-79_0_0,SubDiv,27.8.c.w,NA,HOM,NA,L,R,NA,H,M,NA,t,1.285,1.285,-9,NA,NA,NA,,,,,,,,,
HI,ES,2020,Quarter,2,GTR_DEF_60-79_0_0,SubDiv,27.8.c.w,NA,kWd,88605.06,NA,,,,,,,,,,,,,,,,,,,,,
SI,ES,2020,Quarter,2,GTR_DEF_60-79_0_0,SubDiv,27.8.c.w,NA,HOM,NA,L,R,NA,H,M,NA,t,3.898,3.898,-9,NA,NA,NA,,,,,,,,,
HI,ES,2020,Quarter,3,GTR_DEF_60-79_0_0,SubDiv,27.8.c.w,NA,kWd,63949.89,NA,,,,,,,,,,,,,,,,,,,,,
SI,ES,2020,Quarter,3,GTR_DEF_60-79_0_0,SubDiv,27.8.c.w,NA,HOM,NA,L,R,NA,H,M,NA,t,3.083,3.083,-9,NA,NA,NA,,,,,,,,,
HI,ES,2020,Quarter,4,GTR_DEF_60-79_0_0,SubDiv,27.8.c.w,NA,kWd,61149.54,NA,,,,,,,,,,,,,,,,,,,,,
SI,ES,2020,Quarter,4,GTR_DEF_60-79_0_0,SubDiv,27.8.c.w,NA,HOM,NA,L,R,NA,H,M,NA,t,2.843,2.843,-9,NA,NA,NA,,,,,,,,,
HI,ES,2020,Quarter,1,LHM_DEF_0_0_0,SubDiv,27.8.c.e,NA,kWd,500.32,NA,,,,,,,,,,,,,,,,,,,,,
SI,ES,2020,Quarter,1,LHM_DEF_0_0_0,SubDiv,27.8.c.e,NA,HOM,NA,L,R,NA,H,M,NA,t,0.018,0.018,-9,NA,NA,NA,,,,,,,,,
HI,ES,2020,Quarter,2,LHM_DEF_0_0_0,SubDiv,27.8.c.e,NA,kWd,5799.59,NA,,,,,,,,,,,,,,,,,,,,,
SI,ES,2020,Quarter,2,LHM_DEF_0_0_0,SubDiv,27.8.c.e,NA,HOM,NA,L,R,NA,H,M,NA,t,0.645,0.645,-9,NA,NA,NA,,,,,,,,,
HI,ES,2020,Quarter,3,LHM_DEF_0_0_0,SubDiv,27.8.c.e,NA,kWd,355.39,NA,,,,,,,,,,,,,,,,,,,,,
SI,ES,2020,Quarter,3,LHM_DEF_0_0_0,SubDiv,27.8.c.e,NA,HOM,NA,L,R,NA,H,M,NA,t,0,0,-9,NA,NA,NA,,,,,,,,,
HI,ES,2020,Quarter,4,LHM_DEF_0_0_0,SubDiv,27.8.c.e,NA,kWd,1565.74,NA,,,,,,,,,,,,,,,,,,,,,
SI,ES,2020,Quarter,4,LHM_DEF_0_0_0,SubDiv,27.8.c.e,NA,HOM,NA,L,R,NA,H,M,NA,t,0.008,0.008,-9,NA,NA,NA,,,,,,,,,
HI,ES,2020,Quarter,1,LHM_DEF_0_0_0,SubDiv,27.8.c.w,NA,kWd,0,NA,,,,,,,,,,,,,,,,,,,,,
SI,ES,2020,Quarter,1,LHM_DEF_0_0_0,SubDiv,27.8.c.w,NA,HOM,NA,L,R,NA,H,M,NA,t,0,0,-9,NA,NA,NA,,,,,,,,,
HI,ES,2020,Quarter,2,LHM_DEF_0_0_0,SubDiv,27.8.c.w,NA,kWd,199.39,NA,,,,,,,,,,,,,,,,,,,,,
SI,ES,2020,Quarter,2,LHM_DEF_0_0_0,SubDiv,27.8.c.w,NA,HOM,NA,L,R,NA,H,M,NA,t,1.562,1.562,-9,NA,NA,NA,,,,,,,,,
HI,ES,2020,Quarter,3,LHM_DEF_0_0_0,SubDiv,27.8.c.w,NA,kWd,0,NA,,,,,,,,,,,,,,,,,,,,,
SI,ES,2020,Quarter,3,LHM_DEF_0_0_0,SubDiv,27.8.c.w,NA,HOM,NA,L,R,NA,H,M,NA,t,0,0,-9,NA,NA,NA,,,,,,,,,
HI,ES,2020,Quarter,4,LHM_DEF_0_0_0,SubDiv,27.8.c.w,NA,kWd,0,NA,,,,,,,,,,,,,,,,,,,,,
SI,ES,2020,Quarter,4,LHM_DEF_0_0_0,SubDiv,27.8.c.w,NA,HOM,NA,L,R,NA,H,M,NA,t,0,0,-9,NA,NA,NA,,,,,,,,,
HI,ES,2020,Quarter,1,LHM_SPF_0_0_0,SubDiv,27.8.c.e,NA,kWd,134272.77,NA,,,,,,,,,,,,,,,,,,,,,
SI,ES,2020,Quarter,1,LHM_SPF_0_0_0,SubDiv,27.8.c.e,NA,HOM,NA,L,R,NA,H,M,NA,t,9.108,9.108,-9,NA,NA,NA,,,,,,,,,
HI,ES,2020,Quarter,2,LHM_SPF_0_0_0,SubDiv,27.8.c.e,NA,kWd,208471.4,NA,,,,,,,,,,,,,,,,,,,,,
SI,ES,2020,Quarter,2,LHM_SPF_0_0_0,SubDiv,27.8.c.e,NA,HOM,NA,L,R,NA,H,M,NA,t,0.318,0.318,-9,NA,NA,NA,,,,,,,,,
HI,ES,2020,Quarter,3,LHM_SPF_0_0_0,SubDiv,27.8.c.e,NA,kWd,200.11,NA,,,,,,,,,,,,,,,,,,,,,
SI,ES,2020,Quarter,3,LHM_SPF_0_0_0,SubDiv,27.8.c.e,NA,HOM,NA,L,R,NA,H,M,NA,t,0,0,-9,NA,NA,NA,,,,,,,,,
HI,ES,2020,Quarter,4,LHM_SPF_0_0_0,SubDiv,27.8.c.e,NA,kWd,582.67,NA,,,,,,,,,,,,,,,,,,,,,
SI,ES,2020,Quarter,4,LHM_SPF_0_0_0,SubDiv,27.8.c.e,NA,HOM,NA,L,R,NA,H,M,NA,t,0.32,0.32,-9,NA,NA,NA,,,,,,,,,
HI,ES,2020,Quarter,1,LHM_SPF_0_0_0,SubDiv,27.8.c.w,NA,kWd,30840.99,NA,,,,,,,,,,,,,,,,,,,,,
SI,ES,2020,Quarter,1,LHM_SPF_0_0_0,SubDiv,27.8.c.w,NA,HOM,NA,L,R,NA,H,M,NA,t,5.827,5.827,-9,NA,NA,NA,,,,,,,,,
HI,ES,2020,Quarter,2,LHM_SPF_0_0_0,SubDiv,27.8.c.w,NA,kWd,43477.89,NA,,,,,,,,,,,,,,,,,,,,,
SI,ES,2020,Quarter,2,LHM_SPF_0_0_0,SubDiv,27.8.c.w,NA,HOM,NA,L,R,NA,H,M,NA,t,3.333,3.333,-9,NA,NA,NA,,,,,,,,,
HI,ES,2020,Quarter,3,LHM_SPF_0_0_0,SubDiv,27.8.c.w,NA,kWd,0,NA,,,,,,,,,,,,,,,,,,,,,
SI,ES,2020,Quarter,3,LHM_SPF_0_0_0,SubDiv,27.8.c.w,NA,HOM,NA,L,R,NA,H,M,NA,t,0,0,-9,NA,NA,NA,,,,,,,,,
HI,ES,2020,Quarter,4,LHM_SPF_0_0_0,SubDiv,27.8.c.w,NA,kWd,0,NA,,,,,,,,,,,,,,,,,,,,,
SI,ES,2020,Quarter,4,LHM_SPF_0_0_0,SubDiv,27.8.c.w,NA,HOM,NA,L,R,NA,H,M,NA,t,0,0,-9,NA,NA,NA,,,,,,,,,
HI,ES,2020,Quarter,1,LLS_DEF_0_0_0,SubDiv,27.8.c.e,NA,kWd,74629.83,NA,,,,,,,,,,,,,,,,,,,,,
SI,ES,2020,Quarter,1,LLS_DEF_0_0_0,SubDiv,27.8.c.e,NA,HOM,NA,L,R,NA,H,M,NA,t,0.035,0.035,-9,NA,NA,NA,,,,,,,,,
HI,ES,2020,Quarter,2,LLS_DEF_0_0_0,SubDiv,27.8.c.e,NA,kWd,90053.4,NA,,,,,,,,,,,,,,,,,,,,,
SI,ES,2020,Quarter,2,LLS_DEF_0_0_0,SubDiv,27.8.c.e,NA,HOM,NA,L,R,NA,H,M,NA,t,37.56,37.56,-9,NA,NA,NA,,,,,,,,,
HI,ES,2020,Quarter,3,LLS_DEF_0_0_0,SubDiv,27.8.c.e,NA,kWd,94351.36,NA,,,,,,,,,,,,,,,,,,,,,
SI,ES,2020,Quarter,3,LLS_DEF_0_0_0,SubDiv,27.8.c.e,NA,HOM,NA,L,R,NA,H,M,NA,t,2.357,2.357,-9,NA,NA,NA,,,,,,,,,
HI,ES,2020,Quarter,4,LLS_DEF_0_0_0,SubDiv,27.8.c.e,NA,kWd,123229.22,NA,,,,,,,,,,,,,,,,,,,,,
SI,ES,2020,Quarter,4,LLS_DEF_0_0_0,SubDiv,27.8.c.e,NA,HOM,NA,L,R,NA,H,M,NA,t,0.39,0.39,-9,NA,NA,NA,,,,,,,,,
HI,ES,2020,Quarter,1,LLS_DEF_0_0_0,SubDiv,27.8.c.w,NA,kWd,103119.76,NA,,,,,,,,,,,,,,,,,,,,,
SI,ES,2020,Quarter,1,LLS_DEF_0_0_0,SubDiv,27.8.c.w,NA,HOM,NA,L,R,NA,H,M,NA,t,0.028,0.028,-9,NA,NA,NA,,,,,,,,,
HI,ES,2020,Quarter,2,LLS_DEF_0_0_0,SubDiv,27.8.c.w,NA,kWd,137964.08,NA,,,,,,,,,,,,,,,,,,,,,
SI,ES,2020,Quarter,2,LLS_DEF_0_0_0,SubDiv,27.8.c.w,NA,HOM,NA,L,R,NA,H,M,NA,t,0.275,0.275,-9,NA,NA,NA,,,,,,,,,
HI,ES,2020,Quarter,3,LLS_DEF_0_0_0,SubDiv,27.8.c.w,NA,kWd,92824.83,NA,,,,,,,,,,,,,,,,,,,,,
SI,ES,2020,Quarter,3,LLS_DEF_0_0_0,SubDiv,27.8.c.w,NA,HOM,NA,L,R,NA,H,M,NA,t,0.426,0.426,-9,NA,NA,NA,,,,,,,,,
HI,ES,2020,Quarter,4,LLS_DEF_0_0_0,SubDiv,27.8.c.w,NA,kWd,85227.38,NA,,,,,,,,,,,,,,,,,,,,,
SI,ES,2020,Quarter,4,LLS_DEF_0_0_0,SubDiv,27.8.c.w,NA,HOM,NA,L,R,NA,H,M,NA,t,0.506,0.506,-9,NA,NA,NA,,,,,,,,,
HI,ES,2020,Quarter,1,OTB_DEF_>=55_0_0,SubDiv,27.8.c.e,NA,kWd,145094.88,NA,,,,,,,,,,,,,,,,,,,,,
SI,ES,2020,Quarter,1,OTB_DEF_>=55_0_0,SubDiv,27.8.c.e,NA,HOM,NA,L,R,NA,H,M,NA,t,8.379,8.379,-9,NA,NA,NA,,,,,,,,,
SD,ES,2020,Quarter,1,OTB_DEF_>=55_0_0,SubDiv,27.8.c.e,NA,HOM,NA,L,R,N,lngt,16,-9,100,1,38,-9,-9,kg,k,cm,cm,NA,8.407,0.038,16,-9,-9,-9
SD,ES,2020,Quarter,1,OTB_DEF_>=55_0_0,SubDiv,27.8.c.e,NA,HOM,NA,L,R,N,lngt,17,-9,100,1,38,-9,-9,kg,k,cm,cm,NA,14.012,0.045,17,-9,-9,-9
SD,ES,2020,Quarter,1,OTB_DEF_>=55_0_0,SubDiv,27.8.c.e,NA,HOM,NA,L,R,N,lngt,18,-9,100,1,38,-9,-9,kg,k,cm,cm,NA,16.814,0.054,18,-9,-9,-9
SD,ES,2020,Quarter,1,OTB_DEF_>=55_0_0,SubDiv,27.8.c.e,NA,HOM,NA,L,R,N,lngt,19,-9,100,1,38,-9,-9,kg,k,cm,cm,NA,22.419,0.063,19,-9,-9,-9
SD,ES,2020,Quarter,1,OTB_DEF_>=55_0_0,SubDiv,27.8.c.e,NA,HOM,NA,L,R,N,lngt,20,-9,100,1,38,-9,-9,kg,k,cm,cm,NA,8.407,0.073,20,-9,-9,-9
SD,ES,2020,Quarter,1,OTB_DEF_>=55_0_0,SubDiv,27.8.c.e,NA,HOM,NA,L,R,N,lngt,21,-9,100,1,38,-9,-9,kg,k,cm,cm,NA,8.407,0.084,21,-9,-9,-9
SD,ES,2020,Quarter,1,OTB_DEF_>=55_0_0,SubDiv,27.8.c.e,NA,HOM,NA,L,R,N,lngt,22,-9,100,1,38,-9,-9,kg,k,cm,cm,NA,8.407,0.097,22,-9,-9,-9
SD,ES,2020,Quarter,1,OTB_DEF_>=55_0_0,SubDiv,27.8.c.e,NA,HOM,NA,L,R,N,lngt,23,-9,100,1,38,-9,-9,kg,k,cm,cm,NA,2.802,0.11,23,-9,-9,-9
SD,ES,2020,Quarter,1,OTB_DEF_>=55_0_0,SubDiv,27.8.c.e,NA,HOM,NA,L,R,N,lngt,25,-9,100,1,38,-9,-9,kg,k,cm,cm,NA,8.407,0.141,25,-9,-9,-9
SD,ES,2020,Quarter,1,OTB_DEF_>=55_0_0,SubDiv,27.8.c.e,NA,HOM,NA,L,R,N,lngt,26,-9,100,1,38,-9,-9,kg,k,cm,cm,NA,2.802,0.158,26,-9,-9,-9
SD,ES,2020,Quarter,1,OTB_DEF_>=55_0_0,SubDiv,27.8.c.e,NA,HOM,NA,L,R,N,lngt,27,-9,100,1,38,-9,-9,kg,k,cm,cm,NA,2.802,0.177,27,-9,-9,-9
SD,ES,2020,Quarter,1,OTB_DEF_>=55_0_0,SubDiv,27.8.c.e,NA,HOM,NA,L,R,N,lngt,28,-9,100,1,38,-9,-9,kg,k,cm,cm,NA,2.802,0.197,28,-9,-9,-9
HI,ES,2020,Quarter,2,OTB_DEF_>=55_0_0,SubDiv,27.8.c.e,NA,kWd,85008.06,NA,,,,,,,,,,,,,,,,,,,,,
SI,ES,2020,Quarter,2,OTB_DEF_>=55_0_0,SubDiv,27.8.c.e,NA,HOM,NA,L,R,NA,H,M,NA,t,36.204,36.204,-9,NA,NA,NA,,,,,,,,,
HI,ES,2020,Quarter,3,OTB_DEF_>=55_0_0,SubDiv,27.8.c.e,NA,kWd,185698.04,NA,,,,,,,,,,,,,,,,,,,,,
SI,ES,2020,Quarter,3,OTB_DEF_>=55_0_0,SubDiv,27.8.c.e,NA,HOM,NA,L,R,NA,H,M,NA,t,15.667,15.667,-9,NA,NA,NA,,,,,,,,,
HI,ES,2020,Quarter,4,OTB_DEF_>=55_0_0,SubDiv,27.8.c.e,NA,kWd,173973.04,NA,,,,,,,,,,,,,,,,,,,,,
SI,ES,2020,Quarter,4,OTB_DEF_>=55_0_0,SubDiv,27.8.c.e,NA,HOM,NA,L,R,NA,H,M,NA,t,50.134,50.134,-9,NA,NA,NA,,,,,,,,,
SD,ES,2020,Quarter,4,OTB_DEF_>=55_0_0,SubDiv,27.8.c.e,NA,HOM,NA,L,R,N,lngt,21,-9,100,2,96,-9,-9,kg,k,cm,cm,NA,2.569,0.084,21,-9,-9,-9
SD,ES,2020,Quarter,4,OTB_DEF_>=55_0_0,SubDiv,27.8.c.e,NA,HOM,NA,L,R,N,lngt,22,-9,100,2,96,-9,-9,kg,k,cm,cm,NA,23.122,0.097,22,-9,-9,-9
SD,ES,2020,Quarter,4,OTB_DEF_>=55_0_0,SubDiv,27.8.c.e,NA,HOM,NA,L,R,N,lngt,23,-9,100,2,96,-9,-9,kg,k,cm,cm,NA,78.044,0.11,23,-9,-9,-9
SD,ES,2020,Quarter,4,OTB_DEF_>=55_0_0,SubDiv,27.8.c.e,NA,HOM,NA,L,R,N,lngt,24,-9,100,2,96,-9,-9,kg,k,cm,cm,NA,99.159,0.125,24,-9,-9,-9
SD,ES,2020,Quarter,4,OTB_DEF_>=55_0_0,SubDiv,27.8.c.e,NA,HOM,NA,L,R,N,lngt,25,-9,100,2,96,-9,-9,kg,k,cm,cm,NA,41.949,0.141,25,-9,-9,-9
SD,ES,2020,Quarter,4,OTB_DEF_>=55_0_0,SubDiv,27.8.c.e,NA,HOM,NA,L,R,N,lngt,26,-9,100,2,96,-9,-9,kg,k,cm,cm,NA,25.972,0.158,26,-9,-9,-9
SD,ES,2020,Quarter,4,OTB_DEF_>=55_0_0,SubDiv,27.8.c.e,NA,HOM,NA,L,R,N,lngt,27,-9,100,2,96,-9,-9,kg,k,cm,cm,NA,10.404,0.177,27,-9,-9,-9
SD,ES,2020,Quarter,4,OTB_DEF_>=55_0_0,SubDiv,27.8.c.e,NA,HOM,NA,L,R,N,lngt,28,-9,100,2,96,-9,-9,kg,k,cm,cm,NA,21.115,0.197,28,-9,-9,-9
SD,ES,2020,Quarter,4,OTB_DEF_>=55_0_0,SubDiv,27.8.c.e,NA,HOM,NA,L,R,N,lngt,29,-9,100,2,96,-9,-9,kg,k,cm,cm,NA,31.519,0.218,29,-9,-9,-9
SD,ES,2020,Quarter,4,OTB_DEF_>=55_0_0,SubDiv,27.8.c.e,NA,HOM,NA,L,R,N,lngt,30,-9,100,2,96,-9,-9,kg,k,cm,cm,NA,13.126,0.241,30,-9,-9,-9
SD,ES,2020,Quarter,4,OTB_DEF_>=55_0_0,SubDiv,27.8.c.e,NA,HOM,NA,L,R,N,lngt,31,-9,100,2,96,-9,-9,kg,k,cm,cm,NA,2.569,0.266,31,-9,-9,-9
HI,ES,2020,Quarter,1,OTB_DEF_>=55_0_0,SubDiv,27.8.c.w,NA,kWd,362375.55,NA,,,,,,,,,,,,,,,,,,,,,
SI,ES,2020,Quarter,1,OTB_DEF_>=55_0_0,SubDiv,27.8.c.w,NA,HOM,NA,L,R,NA,H,M,NA,t,24.616,24.616,-9,NA,NA,NA,,,,,,,,,
HI,ES,2020,Quarter,2,OTB_DEF_>=55_0_0,SubDiv,27.8.c.w,NA,kWd,209371.12,NA,,,,,,,,,,,,,,,,,,,,,
SI,ES,2020,Quarter,2,OTB_DEF_>=55_0_0,SubDiv,27.8.c.w,NA,HOM,NA,L,R,NA,H,M,NA,t,99.419,99.419,-9,NA,NA,NA,,,,,,,,,
HI,ES,2020,Quarter,3,OTB_DEF_>=55_0_0,SubDiv,27.8.c.w,NA,kWd,383023.41,NA,,,,,,,,,,,,,,,,,,,,,
SI,ES,2020,Quarter,3,OTB_DEF_>=55_0_0,SubDiv,27.8.c.w,NA,HOM,NA,L,R,NA,H,M,NA,t,42.617,42.617,-9,NA,NA,NA,,,,,,,,,
HI,ES,2020,Quarter,4,OTB_DEF_>=55_0_0,SubDiv,27.8.c.w,NA,kWd,349375.1,NA,,,,,,,,,,,,,,,,,,,,,
SI,ES,2020,Quarter,4,OTB_DEF_>=55_0_0,SubDiv,27.8.c.w,NA,HOM,NA,L,R,NA,H,M,NA,t,16.077,16.077,-9,NA,NA,NA,,,,,,,,,
SD,ES,2020,Quarter,4,OTB_DEF_>=55_0_0,SubDiv,27.8.c.w,NA,HOM,NA,L,R,N,lngt,30,-9,100,2,125,-9,-9,kg,k,cm,cm,NA,0.518,0.241,30,-9,-9,-9
SD,ES,2020,Quarter,4,OTB_DEF_>=55_0_0,SubDiv,27.8.c.w,NA,HOM,NA,L,R,N,lngt,31,-9,100,2,125,-9,-9,kg,k,cm,cm,NA,0.536,0.266,31,-9,-9,-9
SD,ES,2020,Quarter,4,OTB_DEF_>=55_0_0,SubDiv,27.8.c.w,NA,HOM,NA,L,R,N,lngt,32,-9,100,2,125,-9,-9,kg,k,cm,cm,NA,2.205,0.292,32,-9,-9,-9
SD,ES,2020,Quarter,4,OTB_DEF_>=55_0_0,SubDiv,27.8.c.w,NA,HOM,NA,L,R,N,lngt,33,-9,100,2,125,-9,-9,kg,k,cm,cm,NA,4.165,0.32,33,-9,-9,-9
SD,ES,2020,Quarter,4,OTB_DEF_>=55_0_0,SubDiv,27.8.c.w,NA,HOM,NA,L,R,N,lngt,34,-9,100,2,125,-9,-9,kg,k,cm,cm,NA,3.168,0.35,34,-9,-9,-9
SD,ES,2020,Quarter,4,OTB_DEF_>=55_0_0,SubDiv,27.8.c.w,NA,HOM,NA,L,R,N,lngt,35,-9,100,2,125,-9,-9,kg,k,cm,cm,NA,7.451,0.381,35,-9,-9,-9
SD,ES,2020,Quarter,4,OTB_DEF_>=55_0_0,SubDiv,27.8.c.w,NA,HOM,NA,L,R,N,lngt,36,-9,100,2,125,-9,-9,kg,k,cm,cm,NA,9.948,0.414,36,-9,-9,-9
SD,ES,2020,Quarter,4,OTB_DEF_>=55_0_0,SubDiv,27.8.c.w,NA,HOM,NA,L,R,N,lngt,37,-9,100,2,125,-9,-9,kg,k,cm,cm,NA,6.269,0.449,37,-9,-9,-9
SD,ES,2020,Quarter,4,OTB_DEF_>=55_0_0,SubDiv,27.8.c.w,NA,HOM,NA,L,R,N,lngt,38,-9,100,2,125,-9,-9,kg,k,cm,cm,NA,3.629,0.486,38,-9,-9,-9
SD,ES,2020,Quarter,4,OTB_DEF_>=55_0_0,SubDiv,27.8.c.w,NA,HOM,NA,L,R,N,lngt,39,-9,100,2,125,-9,-9,kg,k,cm,cm,NA,1.053,0.526,39,-9,-9,-9
SD,ES,2020,Quarter,4,OTB_DEF_>=55_0_0,SubDiv,27.8.c.w,NA,HOM,NA,L,R,N,lngt,40,-9,100,2,125,-9,-9,kg,k,cm,cm,NA,0.534,0.567,40,-9,-9,-9
SD,ES,2020,Quarter,4,OTB_DEF_>=55_0_0,SubDiv,27.8.c.w,NA,HOM,NA,L,R,N,lngt,41,-9,100,2,125,-9,-9,kg,k,cm,cm,NA,0.534,0.61,41,-9,-9,-9
HI,ES,2020,Quarter,1,OTB_MPD_>=55_0_0,SubDiv,27.8.c.e,NA,kWd,81255.23,NA,,,,,,,,,,,,,,,,,,,,,
SI,ES,2020,Quarter,1,OTB_MPD_>=55_0_0,SubDiv,27.8.c.e,NA,HOM,NA,L,R,NA,H,M,NA,t,7.121,7.121,-9,NA,NA,NA,,,,,,,,,
HI,ES,2020,Quarter,2,OTB_MPD_>=55_0_0,SubDiv,27.8.c.e,NA,kWd,134029.64,NA,,,,,,,,,,,,,,,,,,,,,
SI,ES,2020,Quarter,2,OTB_MPD_>=55_0_0,SubDiv,27.8.c.e,NA,HOM,NA,L,R,NA,H,M,NA,t,281.212,281.212,-9,NA,NA,NA,,,,,,,,,
HI,ES,2020,Quarter,3,OTB_MPD_>=55_0_0,SubDiv,27.8.c.e,NA,kWd,3027.2,NA,,,,,,,,,,,,,,,,,,,,,
SI,ES,2020,Quarter,3,OTB_MPD_>=55_0_0,SubDiv,27.8.c.e,NA,HOM,NA,L,R,NA,H,M,NA,t,6.292,6.292,-9,NA,NA,NA,,,,,,,,,
HI,ES,2020,Quarter,4,OTB_MPD_>=55_0_0,SubDiv,27.8.c.e,NA,kWd,8478.21,NA,,,,,,,,,,,,,,,,,,,,,
SI,ES,2020,Quarter,4,OTB_MPD_>=55_0_0,SubDiv,27.8.c.e,NA,HOM,NA,L,R,NA,H,M,NA,t,24.545,24.545,-9,NA,NA,NA,,,,,,,,,
HI,ES,2020,Quarter,1,OTB_MPD_>=55_0_0,SubDiv,27.8.c.w,NA,kWd,125023.38,NA,,,,,,,,,,,,,,,,,,,,,
SI,ES,2020,Quarter,1,OTB_MPD_>=55_0_0,SubDiv,27.8.c.w,NA,HOM,NA,L,R,NA,H,M,NA,t,46.287,46.287,-9,NA,NA,NA,,,,,,,,,
HI,ES,2020,Quarter,2,OTB_MPD_>=55_0_0,SubDiv,27.8.c.w,NA,kWd,241758.55,NA,,,,,,,,,,,,,,,,,,,,,
SI,ES,2020,Quarter,2,OTB_MPD_>=55_0_0,SubDiv,27.8.c.w,NA,HOM,NA,L,R,NA,H,M,NA,t,1147.788,1147.788,-9,NA,NA,NA,,,,,,,,,
HI,ES,2020,Quarter,3,OTB_MPD_>=55_0_0,SubDiv,27.8.c.w,NA,kWd,82211.44,NA,,,,,,,,,,,,,,,,,,,,,
SI,ES,2020,Quarter,3,OTB_MPD_>=55_0_0,SubDiv,27.8.c.w,NA,HOM,NA,L,R,NA,H,M,NA,t,207.197,207.197,-9,NA,NA,NA,,,,,,,,,
SD,ES,2020,Quarter,3,OTB_MPD_>=55_0_0,SubDiv,27.8.c.w,NA,HOM,NA,L,R,N,lngt,20,-9,100,2,377,-9,-9,kg,k,cm,cm,NA,1.941,0.073,20,-9,-9,-9
SD,ES,2020,Quarter,3,OTB_MPD_>=55_0_0,SubDiv,27.8.c.w,NA,HOM,NA,L,R,N,lngt,21,-9,100,2,377,-9,-9,kg,k,cm,cm,NA,5.437,0.084,21,-9,-9,-9
SD,ES,2020,Quarter,3,OTB_MPD_>=55_0_0,SubDiv,27.8.c.w,NA,HOM,NA,L,R,N,lngt,22,-9,100,2,377,-9,-9,kg,k,cm,cm,NA,23.419,0.097,22,-9,-9,-9
SD,ES,2020,Quarter,3,OTB_MPD_>=55_0_0,SubDiv,27.8.c.w,NA,HOM,NA,L,R,N,lngt,23,-9,100,2,377,-9,-9,kg,k,cm,cm,NA,17.999,0.11,23,-9,-9,-9
SD,ES,2020,Quarter,3,OTB_MPD_>=55_0_0,SubDiv,27.8.c.w,NA,HOM,NA,L,R,N,lngt,24,-9,100,2,377,-9,-9,kg,k,cm,cm,NA,14.787,0.125,24,-9,-9,-9
SD,ES,2020,Quarter,3,OTB_MPD_>=55_0_0,SubDiv,27.8.c.w,NA,HOM,NA,L,R,N,lngt,25,-9,100,2,377,-9,-9,kg,k,cm,cm,NA,15.471,0.141,25,-9,-9,-9
SD,ES,2020,Quarter,3,OTB_MPD_>=55_0_0,SubDiv,27.8.c.w,NA,HOM,NA,L,R,N,lngt,26,-9,100,2,377,-9,-9,kg,k,cm,cm,NA,19.025,0.158,26,-9,-9,-9
SD,ES,2020,Quarter,3,OTB_MPD_>=55_0_0,SubDiv,27.8.c.w,NA,HOM,NA,L,R,N,lngt,27,-9,100,2,377,-9,-9,kg,k,cm,cm,NA,28.076,0.177,27,-9,-9,-9
SD,ES,2020,Quarter,3,OTB_MPD_>=55_0_0,SubDiv,27.8.c.w,NA,HOM,NA,L,R,N,lngt,28,-9,100,2,377,-9,-9,kg,k,cm,cm,NA,20.09,0.197,28,-9,-9,-9
SD,ES,2020,Quarter,3,OTB_MPD_>=55_0_0,SubDiv,27.8.c.w,NA,HOM,NA,L,R,N,lngt,29,-9,100,2,377,-9,-9,kg,k,cm,cm,NA,23.585,0.218,29,-9,-9,-9
SD,ES,2020,Quarter,3,OTB_MPD_>=55_0_0,SubDiv,27.8.c.w,NA,HOM,NA,L,R,N,lngt,30,-9,100,2,377,-9,-9,kg,k,cm,cm,NA,19.835,0.241,30,-9,-9,-9
SD,ES,2020,Quarter,3,OTB_MPD_>=55_0_0,SubDiv,27.8.c.w,NA,HOM,NA,L,R,N,lngt,31,-9,100,2,377,-9,-9,kg,k,cm,cm,NA,15.137,0.266,31,-9,-9,-9
SD,ES,2020,Quarter,3,OTB_MPD_>=55_0_0,SubDiv,27.8.c.w,NA,HOM,NA,L,R,N,lngt,32,-9,100,2,377,-9,-9,kg,k,cm,cm,NA,27.202,0.292,32,-9,-9,-9
SD,ES,2020,Quarter,3,OTB_MPD_>=55_0_0,SubDiv,27.8.c.w,NA,HOM,NA,L,R,N,lngt,33,-9,100,2,377,-9,-9,kg,k,cm,cm,NA,36.867,0.32,33,-9,-9,-9
SD,ES,2020,Quarter,3,OTB_MPD_>=55_0_0,SubDiv,27.8.c.w,NA,HOM,NA,L,R,N,lngt,34,-9,100,2,377,-9,-9,kg,k,cm,cm,NA,31.531,0.35,34,-9,-9,-9
SD,ES,2020,Quarter,3,OTB_MPD_>=55_0_0,SubDiv,27.8.c.w,NA,HOM,NA,L,R,N,lngt,35,-9,100,2,377,-9,-9,kg,k,cm,cm,NA,75.733,0.381,35,-9,-9,-9
SD,ES,2020,Quarter,3,OTB_MPD_>=55_0_0,SubDiv,27.8.c.w,NA,HOM,NA,L,R,N,lngt,36,-9,100,2,377,-9,-9,kg,k,cm,cm,NA,89.398,0.414,36,-9,-9,-9
SD,ES,2020,Quarter,3,OTB_MPD_>=55_0_0,SubDiv,27.8.c.w,NA,HOM,NA,L,R,N,lngt,37,-9,100,2,377,-9,-9,kg,k,cm,cm,NA,63.261,0.449,37,-9,-9,-9
SD,ES,2020,Quarter,3,OTB_MPD_>=55_0_0,SubDiv,27.8.c.w,NA,HOM,NA,L,R,N,lngt,38,-9,100,2,377,-9,-9,kg,k,cm,cm,NA,52.432,0.486,38,-9,-9,-9
SD,ES,2020,Quarter,3,OTB_MPD_>=55_0_0,SubDiv,27.8.c.w,NA,HOM,NA,L,R,N,lngt,39,-9,100,2,377,-9,-9,kg,k,cm,cm,NA,11.776,0.525,39,-9,-9,-9
SD,ES,2020,Quarter,3,OTB_MPD_>=55_0_0,SubDiv,27.8.c.w,NA,HOM,NA,L,R,N,lngt,40,-9,100,2,377,-9,-9,kg,k,cm,cm,NA,7.773,0.567,40,-9,-9,-9
SD,ES,2020,Quarter,3,OTB_MPD_>=55_0_0,SubDiv,27.8.c.w,NA,HOM,NA,L,R,N,lngt,41,-9,100,2,377,-9,-9,kg,k,cm,cm,NA,5.587,0.61,41,-9,-9,-9
SD,ES,2020,Quarter,3,OTB_MPD_>=55_0_0,SubDiv,27.8.c.w,NA,HOM,NA,L,R,N,lngt,42,-9,100,2,377,-9,-9,kg,k,cm,cm,NA,5.587,0.655,42,-9,-9,-9
SD,ES,2020,Quarter,3,OTB_MPD_>=55_0_0,SubDiv,27.8.c.w,NA,HOM,NA,L,R,N,lngt,44,-9,100,2,377,-9,-9,kg,k,cm,cm,NA,5.587,0.752,44,-9,-9,-9
HI,ES,2020,Quarter,4,OTB_MPD_>=55_0_0,SubDiv,27.8.c.w,NA,kWd,31589.12,NA,,,,,,,,,,,,,,,,,,,,,
SI,ES,2020,Quarter,4,OTB_MPD_>=55_0_0,SubDiv,27.8.c.w,NA,HOM,NA,L,R,NA,H,M,NA,t,0,0,-9,NA,NA,NA,,,,,,,,,
HI,ES,2020,Quarter,1,PS_SPF_0_0_0,SubDiv,27.8.c.e,NA,kWd,77677.69,NA,,,,,,,,,,,,,,,,,,,,,
SI,ES,2020,Quarter,1,PS_SPF_0_0_0,SubDiv,27.8.c.e,NA,HOM,NA,L,R,NA,H,M,NA,t,0,0,-9,NA,NA,NA,,,,,,,,,
HI,ES,2020,Quarter,2,PS_SPF_0_0_0,SubDiv,27.8.c.e,NA,kWd,1025947.92,NA,,,,,,,,,,,,,,,,,,,,,
SI,ES,2020,Quarter,2,PS_SPF_0_0_0,SubDiv,27.8.c.e,NA,HOM,NA,L,R,NA,H,M,NA,t,2100.185,2100.185,-9,NA,NA,NA,,,,,,,,,
HI,ES,2020,Quarter,3,PS_SPF_0_0_0,SubDiv,27.8.c.e,NA,kWd,345420.27,NA,,,,,,,,,,,,,,,,,,,,,
SI,ES,2020,Quarter,3,PS_SPF_0_0_0,SubDiv,27.8.c.e,NA,HOM,NA,L,R,NA,H,M,NA,t,1607.294,1607.294,-9,NA,NA,NA,,,,,,,,,
HI,ES,2020,Quarter,4,PS_SPF_0_0_0,SubDiv,27.8.c.e,NA,kWd,111967.7,NA,,,,,,,,,,,,,,,,,,,,,
SI,ES,2020,Quarter,4,PS_SPF_0_0_0,SubDiv,27.8.c.e,NA,HOM,NA,L,R,NA,H,M,NA,t,247.584,247.584,-9,NA,NA,NA,,,,,,,,,
HI,ES,2020,Quarter,1,PS_SPF_0_0_0,SubDiv,27.8.c.w,NA,kWd,151197.56,NA,,,,,,,,,,,,,,,,,,,,,
SI,ES,2020,Quarter,1,PS_SPF_0_0_0,SubDiv,27.8.c.w,NA,HOM,NA,L,R,NA,H,M,NA,t,0,0,-9,NA,NA,NA,,,,,,,,,
HI,ES,2020,Quarter,2,PS_SPF_0_0_0,SubDiv,27.8.c.w,NA,kWd,284851.28,NA,,,,,,,,,,,,,,,,,,,,,
SI,ES,2020,Quarter,2,PS_SPF_0_0_0,SubDiv,27.8.c.w,NA,HOM,NA,L,R,NA,H,M,NA,t,1259.527,1259.527,-9,NA,NA,NA,,,,,,,,,
HI,ES,2020,Quarter,3,PS_SPF_0_0_0,SubDiv,27.8.c.w,NA,kWd,538974.79,NA,,,,,,,,,,,,,,,,,,,,,
SI,ES,2020,Quarter,3,PS_SPF_0_0_0,SubDiv,27.8.c.w,NA,HOM,NA,L,R,NA,H,M,NA,t,6184.215,6184.215,-9,NA,NA,NA,,,,,,,,,
HI,ES,2020,Quarter,4,PS_SPF_0_0_0,SubDiv,27.8.c.w,NA,kWd,204396.98,NA,,,,,,,,,,,,,,,,,,,,,
SI,ES,2020,Quarter,4,PS_SPF_0_0_0,SubDiv,27.8.c.w,NA,HOM,NA,L,R,NA,H,M,NA,t,2733.935,2733.935,-9,NA,NA,NA,,,,,,,,,
HI,ES,2020,Quarter,1,PTB_MPD_>=55_0_0,SubDiv,27.8.c.e,NA,kWd,92814.16,NA,,,,,,,,,,,,,,,,,,,,,
SI,ES,2020,Quarter,1,PTB_MPD_>=55_0_0,SubDiv,27.8.c.e,NA,HOM,NA,L,R,NA,H,M,NA,t,0,0,-9,NA,NA,NA,,,,,,,,,
HI,ES,2020,Quarter,2,PTB_MPD_>=55_0_0,SubDiv,27.8.c.e,NA,kWd,42151.79,NA,,,,,,,,,,,,,,,,,,,,,
SI,ES,2020,Quarter,2,PTB_MPD_>=55_0_0,SubDiv,27.8.c.e,NA,HOM,NA,L,R,NA,H,M,NA,t,45.328,45.328,-9,NA,NA,NA,,,,,,,,,
HI,ES,2020,Quarter,3,PTB_MPD_>=55_0_0,SubDiv,27.8.c.e,NA,kWd,41371.59,NA,,,,,,,,,,,,,,,,,,,,,
SI,ES,2020,Quarter,3,PTB_MPD_>=55_0_0,SubDiv,27.8.c.e,NA,HOM,NA,L,R,NA,H,M,NA,t,0.028,0.028,-9,NA,NA,NA,,,,,,,,,
HI,ES,2020,Quarter,4,PTB_MPD_>=55_0_0,SubDiv,27.8.c.e,NA,kWd,36323.86,NA,,,,,,,,,,,,,,,,,,,,,
SI,ES,2020,Quarter,4,PTB_MPD_>=55_0_0,SubDiv,27.8.c.e,NA,HOM,NA,L,R,NA,H,M,NA,t,1.488,1.488,-9,NA,NA,NA,,,,,,,,,
HI,ES,2020,Quarter,1,PTB_MPD_>=55_0_0,SubDiv,27.8.c.w,NA,kWd,193813.72,NA,,,,,,,,,,,,,,,,,,,,,
SI,ES,2020,Quarter,1,PTB_MPD_>=55_0_0,SubDiv,27.8.c.w,NA,HOM,NA,L,R,NA,H,M,NA,t,2.949,2.949,-9,NA,NA,NA,,,,,,,,,
HI,ES,2020,Quarter,2,PTB_MPD_>=55_0_0,SubDiv,27.8.c.w,NA,kWd,221687.51,NA,,,,,,,,,,,,,,,,,,,,,
SI,ES,2020,Quarter,2,PTB_MPD_>=55_0_0,SubDiv,27.8.c.w,NA,HOM,NA,L,R,NA,H,M,NA,t,15.39,15.39,-9,NA,NA,NA,,,,,,,,,
HI,ES,2020,Quarter,3,PTB_MPD_>=55_0_0,SubDiv,27.8.c.w,NA,kWd,228604.9,NA,,,,,,,,,,,,,,,,,,,,,
SI,ES,2020,Quarter,3,PTB_MPD_>=55_0_0,SubDiv,27.8.c.w,NA,HOM,NA,L,R,NA,H,M,NA,t,1.448,1.448,-9,NA,NA,NA,,,,,,,,,
HI,ES,2020,Quarter,4,PTB_MPD_>=55_0_0,SubDiv,27.8.c.w,NA,kWd,145774.23,NA,,,,,,,,,,,,,,,,,,,,,
SI,ES,2020,Quarter,4,PTB_MPD_>=55_0_0,SubDiv,27.8.c.w,NA,HOM,NA,L,R,NA,H,M,NA,t,0.159,0.159,-9,NA,NA,NA,,,,,,,,,
HI,ES,2020,Quarter,1,MIS_MIS_0_0_0_HC,SubDiv,27.8.c.e,NA,kWd,-9,NA,,,,,,,,,,,,,,,,,,,,,
SI,ES,2020,Quarter,1,MIS_MIS_0_0_0_HC,SubDiv,27.8.c.e,NA,HOM,NA,L,R,NA,H,M,NA,t,0.049,0.049,-9,NA,NA,NA,,,,,,,,,
HI,ES,2020,Quarter,2,MIS_MIS_0_0_0_HC,SubDiv,27.8.c.e,NA,kWd,-9,NA,,,,,,,,,,,,,,,,,,,,,
SI,ES,2020,Quarter,2,MIS_MIS_0_0_0_HC,SubDiv,27.8.c.e,NA,HOM,NA,L,R,NA,H,M,NA,t,0,0,-9,NA,NA,NA,,,,,,,,,
HI,ES,2020,Quarter,3,MIS_MIS_0_0_0_HC,SubDiv,27.8.c.e,NA,kWd,-9,NA,,,,,,,,,,,,,,,,,,,,,
SI,ES,2020,Quarter,3,MIS_MIS_0_0_0_HC,SubDiv,27.8.c.e,NA,HOM,NA,L,R,NA,H,M,NA,t,0,0,-9,NA,NA,NA,,,,,,,,,
HI,ES,2020,Quarter,4,MIS_MIS_0_0_0_HC,SubDiv,27.8.c.e,NA,kWd,-9,NA,,,,,,,,,,,,,,,,,,,,,
SI,ES,2020,Quarter,4,MIS_MIS_0_0_0_HC,SubDiv,27.8.c.e,NA,HOM,NA,L,R,NA,H,M,NA,t,0.058,0.058,-9,NA,NA,NA,,,,,,,,,
HI,ES,2020,Quarter,1,MIS_MIS_0_0_0_HC,SubDiv,27.8.c.w,NA,kWd,-9,NA,,,,,,,,,,,,,,,,,,,,,
SI,ES,2020,Quarter,1,MIS_MIS_0_0_0_HC,SubDiv,27.8.c.w,NA,HOM,NA,L,R,NA,H,M,NA,t,0.095,0.095,-9,NA,NA,NA,,,,,,,,,
HI,ES,2020,Quarter,2,MIS_MIS_0_0_0_HC,SubDiv,27.8.c.w,NA,kWd,-9,NA,,,,,,,,,,,,,,,,,,,,,
SI,ES,2020,Quarter,2,MIS_MIS_0_0_0_HC,SubDiv,27.8.c.w,NA,HOM,NA,L,R,NA,H,M,NA,t,0.207,0.207,-9,NA,NA,NA,,,,,,,,,
HI,ES,2020,Quarter,3,MIS_MIS_0_0_0_HC,SubDiv,27.8.c.w,NA,kWd,-9,NA,,,,,,,,,,,,,,,,,,,,,
SI,ES,2020,Quarter,3,MIS_MIS_0_0_0_HC,SubDiv,27.8.c.w,NA,HOM,NA,L,R,NA,H,M,NA,t,0.046,0.046,-9,NA,NA,NA,,,,,,,,,
HI,ES,2020,Quarter,4,MIS_MIS_0_0_0_HC,SubDiv,27.8.c.w,NA,kWd,-9,NA,,,,,,,,,,,,,,,,,,,,,
SI,ES,2020,Quarter,4,MIS_MIS_0_0_0_HC,SubDiv,27.8.c.w,NA,HOM,NA,L,R,NA,H,M,NA,t,0.014,0.014,-9,NA,NA,NA,,,,,,,,,
